program_id,program,year,status,significance,listed,expected,grade
1,Albany Med Health System Program,2011-2012,observed,none,9,14,B
1,Albany Med Health System Program,2012-2013,observed,none,9,14,B
1,Albany Med Health System Program,2013-2014,observed,none,9,14,B
1,Albany Med Health System Program,2014-2015,observed,low,11,14,B
1,Albany Med Health System Program,2015-2016,observed,none,13,14,A
1,Albany Med Health System Program,2016-2017,reconstructed,significant,11,14,C
1,Albany Med Health System Program,2017-2018,reconstructed,significant,11,14,C
1,Albany Med Health System Program,2018-2019,reconstructed,significant,12,14,C
1,Albany Med Health System Program,2019-2020,reconstructed,low,12,14,B
1,Albany Med Health System Program,2020-2021,reconstructed,low,12,14,B
1,Albany Med Health System Program,2021-2022,reconstructed,low,13,14,B
1,Albany Med Health System Program,2022-2023,reconstructed,low,13,14,B
1,Albany Med Health System Program,2023-2024,observed,none,14,14,A
1,Albany Med Health System Program,2024-2025,observed,none,14,14,A
2,Allegheny Health Network Medical Education Consortium (AGH) Program,2011-2012,missing,low,0,14,C
2,Allegheny Health Network Medical Education Consortium (AGH) Program,2012-2013,observed,none,9,14,B
2,Allegheny Health Network Medical Education Consortium (AGH) Program,2013-2014,observed,none,10,14,B
2,Allegheny Health Network Medical Education Consortium (AGH) Program,2014-2015,observed,none,11,14,B
2,Allegheny Health Network Medical Education Consortium (AGH) Program,2015-2016,observed,none,11,14,B
2,Allegheny Health Network Medical Education Consortium (AGH) Program,2016-2017,reconstructed,low,11,14,B
2,Allegheny Health Network Medical Education Consortium (AGH) Program,2017-2018,observed,none,11,14,B
2,Allegheny Health Network Medical Education Consortium (AGH) Program,2018-2019,observed,none,14,14,A
2,Allegheny Health Network Medical Education Consortium (AGH) Program,2019-2020,observed,none,14,14,A
2,Allegheny Health Network Medical Education Consortium (AGH) Program,2020-2021,observed,none,14,14,A
2,Allegheny Health Network Medical Education Consortium (AGH) Program,2021-2022,observed,none,15,14,A
2,Allegheny Health Network Medical Education Consortium (AGH) Program,2022-2023,observed,none,14,14,A
2,Allegheny Health Network Medical Education Consortium (AGH) Program,2023-2024,observed,none,13,14,A
2,Allegheny Health Network Medical Education Consortium (AGH) Program,2024-2025,observed,none,14,14,A
3,Ascension St. Vincent Hospital Program,2011-2012,before_program,none,0,0,
3,Ascension St. Vincent Hospital Program,2012-2013,before_program,none,0,0,
3,Ascension St. Vincent Hospital Program,2013-2014,before_program,none,0,0,
3,Ascension St. Vincent Hospital Program,2014-2015,before_program,none,0,0,
3,Ascension St. Vincent Hospital Program,2015-2016,before_program,none,0,0,
3,Ascension St. Vincent Hospital Program,2016-2017,before_program,none,0,0,
3,Ascension St. Vincent Hospital Program,2017-2018,before_program,none,0,0,
3,Ascension St. Vincent Hospital Program,2018-2019,before_program,none,0,0,
3,Ascension St. Vincent Hospital Program,2019-2020,before_program,none,0,0,
3,Ascension St. Vincent Hospital Program,2020-2021,before_program,none,0,0,
3,Ascension St. Vincent Hospital Program,2021-2022,before_program,none,0,0,
3,Ascension St. Vincent Hospital Program,2022-2023,before_program,none,0,0,
3,Ascension St. Vincent Hospital Program,2023-2024,before_program,none,0,0,
3,Ascension St. Vincent Hospital Program,2024-2025,before_program,none,0,0,
4,Barrow Neurological Institute at St Joseph's Hospital and Medical Center Program,2011-2012,not_audited,,19,,-
4,Barrow Neurological Institute at St Joseph's Hospital and Medical Center Program,2012-2013,not_audited,,23,,-
4,Barrow Neurological Institute at St Joseph's Hospital and Medical Center Program,2013-2014,not_audited,,27,,-
4,Barrow Neurological Institute at St Joseph's Hospital and Medical Center Program,2014-2015,not_audited,,27,,-
4,Barrow Neurological Institute at St Joseph's Hospital and Medical Center Program,2015-2016,not_audited,,27,,-
4,Barrow Neurological Institute at St Joseph's Hospital and Medical Center Program,2016-2017,not_audited,,28,,-
4,Barrow Neurological Institute at St Joseph's Hospital and Medical Center Program,2017-2018,not_audited,,28,,-
4,Barrow Neurological Institute at St Joseph's Hospital and Medical Center Program,2018-2019,not_audited,,28,,-
4,Barrow Neurological Institute at St Joseph's Hospital and Medical Center Program,2019-2020,not_audited,,28,,-
4,Barrow Neurological Institute at St Joseph's Hospital and Medical Center Program,2020-2021,not_audited,,28,,-
4,Barrow Neurological Institute at St Joseph's Hospital and Medical Center Program,2021-2022,not_audited,,28,,-
4,Barrow Neurological Institute at St Joseph's Hospital and Medical Center Program,2022-2023,not_audited,,28,,-
4,Barrow Neurological Institute at St Joseph's Hospital and Medical Center Program,2023-2024,not_audited,,28,,-
4,Barrow Neurological Institute at St Joseph's Hospital and Medical Center Program,2024-2025,not_audited,,27,,-
5,Baylor College of Medicine Program,2011-2012,reconstructed,low,18,28,B
5,Baylor College of Medicine Program,2012-2013,observed,none,19,28,B
5,Baylor College of Medicine Program,2013-2014,observed,none,21,28,B
5,Baylor College of Medicine Program,2014-2015,reconstructed,low,21,28,B
5,Baylor College of Medicine Program,2015-2016,reconstructed,low,21,28,B
5,Baylor College of Medicine Program,2016-2017,reconstructed,low,21,28,B
5,Baylor College of Medicine Program,2017-2018,reconstructed,low,21,28,B
5,Baylor College of Medicine Program,2018-2019,observed,none,23,28,B
5,Baylor College of Medicine Program,2019-2020,observed,low,18,28,B
5,Baylor College of Medicine Program,2020-2021,observed,none,23,28,B
5,Baylor College of Medicine Program,2021-2022,observed,none,24,28,B
5,Baylor College of Medicine Program,2022-2023,observed,none,25,28,B
5,Baylor College of Medicine Program,2023-2024,observed,none,27,28,A
5,Baylor College of Medicine Program,2024-2025,observed,none,27,28,A
6,Baylor Scott & White Medical Center - Baylor College of Medicine (Temple) Program,2011-2012,before_program,none,0,0,
6,Baylor Scott & White Medical Center - Baylor College of Medicine (Temple) Program,2012-2013,before_program,none,0,0,
6,Baylor Scott & White Medical Center - Baylor College of Medicine (Temple) Program,2013-2014,before_program,none,0,0,
6,Baylor Scott & White Medical Center - Baylor College of Medicine (Temple) Program,2014-2015,reconstructed,low,1,1,B
6,Baylor Scott & White Medical Center - Baylor College of Medicine (Temple) Program,2015-2016,observed,none,2,2,A
6,Baylor Scott & White Medical Center - Baylor College of Medicine (Temple) Program,2016-2017,observed,none,3,3,A
6,Baylor Scott & White Medical Center - Baylor College of Medicine (Temple) Program,2017-2018,observed,none,5,4,A
6,Baylor Scott & White Medical Center - Baylor College of Medicine (Temple) Program,2018-2019,reconstructed,low,6,5,B
6,Baylor Scott & White Medical Center - Baylor College of Medicine (Temple) Program,2019-2020,reconstructed,low,7,6,B
6,Baylor Scott & White Medical Center - Baylor College of Medicine (Temple) Program,2020-2021,reconstructed,low,8,7,B
6,Baylor Scott & White Medical Center - Baylor College of Medicine (Temple) Program,2021-2022,reconstructed,low,8,7,B
6,Baylor Scott & White Medical Center - Baylor College of Medicine (Temple) Program,2022-2023,reconstructed,low,8,7,B
6,Baylor Scott & White Medical Center - Baylor College of Medicine (Temple) Program,2023-2024,observed,low,7,7,A
6,Baylor Scott & White Medical Center - Baylor College of Medicine (Temple) Program,2024-2025,observed,none,8,7,A
7,Beth Israel Deaconess Medical Center Program © 2026 Accreditation Council for Graduate,2011-2012,before_program,,0,0,
7,Beth Israel Deaconess Medical Center Program © 2026 Accreditation Council for Graduate,2012-2013,before_program,,0,0,
7,Beth Israel Deaconess Medical Center Program © 2026 Accreditation Council for Graduate,2013-2014,before_program,,0,0,
7,Beth Israel Deaconess Medical Center Program © 2026 Accreditation Council for Graduate,2014-2015,before_program,,0,0,
7,Beth Israel Deaconess Medical Center Program © 2026 Accreditation Council for Graduate,2015-2016,before_program,,0,0,
7,Beth Israel Deaconess Medical Center Program © 2026 Accreditation Council for Graduate,2016-2017,reconstructed,none,1,1,B
7,Beth Israel Deaconess Medical Center Program © 2026 Accreditation Council for Graduate,2017-2018,observed,none,2,2,A
7,Beth Israel Deaconess Medical Center Program © 2026 Accreditation Council for Graduate,2018-2019,observed,none,3,3,A
7,Beth Israel Deaconess Medical Center Program © 2026 Accreditation Council for Graduate,2019-2020,observed,none,4,4,A
7,Beth Israel Deaconess Medical Center Program © 2026 Accreditation Council for Graduate,2020-2021,observed,none,6,5,A
7,Beth Israel Deaconess Medical Center Program © 2026 Accreditation Council for Graduate,2021-2022,observed,none,7,6,A
7,Beth Israel Deaconess Medical Center Program © 2026 Accreditation Council for Graduate,2022-2023,observed,none,8,7,A
7,Beth Israel Deaconess Medical Center Program © 2026 Accreditation Council for Graduate,2023-2024,observed,none,7,7,A
7,Beth Israel Deaconess Medical Center Program © 2026 Accreditation Council for Graduate,2024-2025,observed,none,7,7,A
8,Carilion Clinic- Virginia Tech Carilion School of Medicine Program,2011-2012,reconstructed,low,6,7,B
8,Carilion Clinic- Virginia Tech Carilion School of Medicine Program,2012-2013,observed,none,7,7,A
8,Carilion Clinic- Virginia Tech Carilion School of Medicine Program,2013-2014,observed,none,8,7,A
8,Carilion Clinic- Virginia Tech Carilion School of Medicine Program,2014-2015,observed,none,7,7,A
8,Carilion Clinic- Virginia Tech Carilion School of Medicine Program,2015-2016,reconstructed,low,7,7,B
8,Carilion Clinic- Virginia Tech Carilion School of Medicine Program,2016-2017,observed,none,6,7,A
8,Carilion Clinic- Virginia Tech Carilion School of Medicine Program,2017-2018,reconstructed,low,6,7,B
8,Carilion Clinic- Virginia Tech Carilion School of Medicine Program,2018-2019,reconstructed,low,6,7,B
8,Carilion Clinic- Virginia Tech Carilion School of Medicine Program,2019-2020,reconstructed,low,5,7,B
8,Carilion Clinic- Virginia Tech Carilion School of Medicine Program,2020-2021,reconstructed,low,6,7,B
8,Carilion Clinic- Virginia Tech Carilion School of Medicine Program,2021-2022,observed,none,7,7,A
8,Carilion Clinic- Virginia Tech Carilion School of Medicine Program,2022-2023,observed,none,7,7,A
8,Carilion Clinic- Virginia Tech Carilion School of Medicine Program,2023-2024,observed,low,6,7,A
8,Carilion Clinic- Virginia Tech Carilion School of Medicine Program,2024-2025,reconstructed,low,7,7,B
9,Carolinas Medical Center Program,2011-2012,before_program,none,0,0,
9,Carolinas Medical Center Program,2012-2013,before_program,none,0,0,
9,Carolinas Medical Center Program,2013-2014,before_program,none,0,0,
9,Carolinas Medical Center Program,2014-2015,observed,none,1,1,A
9,Carolinas Medical Center Program,2015-2016,observed,none,2,2,A
9,Carolinas Medical Center Program,2016-2017,observed,none,3,3,A
9,Carolinas Medical Center Program,2017-2018,observed,none,4,4,A
9,Carolinas Medical Center Program,2018-2019,observed,none,5,5,A
9,Carolinas Medical Center Program,2019-2020,observed,none,6,6,A
9,Carolinas Medical Center Program,2020-2021,observed,none,7,7,A
9,Carolinas Medical Center Program,2021-2022,observed,none,7,7,A
9,Carolinas Medical Center Program,2022-2023,observed,none,7,7,A
9,Carolinas Medical Center Program,2023-2024,observed,none,7,7,A
9,Carolinas Medical Center Program,2024-2025,observed,none,6,7,A
10,Case Western Reserve University/University Hospitals Cleveland Medical Center Program,2011-2012,observed,none,16,28,B
10,Case Western Reserve University/University Hospitals Cleveland Medical Center Program,2012-2013,observed,low,16,28,B
10,Case Western Reserve University/University Hospitals Cleveland Medical Center Program,2013-2014,reconstructed,significant,17,28,C
10,Case Western Reserve University/University Hospitals Cleveland Medical Center Program,2014-2015,observed,none,17,28,B
10,Case Western Reserve University/University Hospitals Cleveland Medical Center Program,2015-2016,observed,none,17,28,B
10,Case Western Reserve University/University Hospitals Cleveland Medical Center Program,2016-2017,observed,none,17,28,B
10,Case Western Reserve University/University Hospitals Cleveland Medical Center Program,2017-2018,observed,none,17,28,B
10,Case Western Reserve University/University Hospitals Cleveland Medical Center Program,2018-2019,observed,low,16,28,B
10,Case Western Reserve University/University Hospitals Cleveland Medical Center Program,2019-2020,observed,none,16,28,B
10,Case Western Reserve University/University Hospitals Cleveland Medical Center Program,2020-2021,observed,none,16,28,B
10,Case Western Reserve University/University Hospitals Cleveland Medical Center Program,2021-2022,reconstructed,low,12,28,B
10,Case Western Reserve University/University Hospitals Cleveland Medical Center Program,2022-2023,reconstructed,significant,11,28,C
10,Case Western Reserve University/University Hospitals Cleveland Medical Center Program,2023-2024,observed,none,16,28,B
10,Case Western Reserve University/University Hospitals Cleveland Medical Center Program,2024-2025,observed,none,17,28,B
11,Cedars-Sinai Medical Center Program,2011-2012,reconstructed,low,6,14,B
11,Cedars-Sinai Medical Center Program,2012-2013,observed,none,9,14,B
11,Cedars-Sinai Medical Center Program,2013-2014,reconstructed,significant,8,14,C
11,Cedars-Sinai Medical Center Program,2014-2015,reconstructed,significant,9,14,C
11,Cedars-Sinai Medical Center Program,2015-2016,reconstructed,significant,8,14,C
11,Cedars-Sinai Medical Center Program,2016-2017,observed,none,7,14,B
11,Cedars-Sinai Medical Center Program,2017-2018,reconstructed,low,8,14,B
11,Cedars-Sinai Medical Center Program,2018-2019,observed,none,9,14,B
11,Cedars-Sinai Medical Center Program,2019-2020,observed,none,9,14,B
11,Cedars-Sinai Medical Center Program,2020-2021,observed,none,10,14,B
11,Cedars-Sinai Medical Center Program,2021-2022,observed,none,11,14,B
11,Cedars-Sinai Medical Center Program,2022-2023,observed,none,13,14,A
11,Cedars-Sinai Medical Center Program,2023-2024,observed,none,12,14,B
11,Cedars-Sinai Medical Center Program,2024-2025,reconstructed,low,11,14,B
12,Cleveland Clinic Foundation Program,2011-2012,reconstructed,low,9,21,B
12,Cleveland Clinic Foundation Program,2012-2013,observed,none,20,21,A
12,Cleveland Clinic Foundation Program,2013-2014,observed,none,20,21,A
12,Cleveland Clinic Foundation Program,2014-2015,observed,none,19,21,B
12,Cleveland Clinic Foundation Program,2015-2016,observed,none,20,21,A
12,Cleveland Clinic Foundation Program,2016-2017,observed,none,20,21,A
12,Cleveland Clinic Foundation Program,2017-2018,observed,none,21,21,A
12,Cleveland Clinic Foundation Program,2018-2019,observed,none,21,21,A
12,Cleveland Clinic Foundation Program,2019-2020,observed,none,21,21,A
12,Cleveland Clinic Foundation Program,2020-2021,observed,none,22,21,A
12,Cleveland Clinic Foundation Program,2021-2022,observed,none,21,21,A
12,Cleveland Clinic Foundation Program,2022-2023,observed,none,21,21,A
12,Cleveland Clinic Foundation Program,2023-2024,observed,none,21,21,A
12,Cleveland Clinic Foundation Program,2024-2025,observed,none,20,21,A
13,Cleveland Clinic Foundation/Florida Weston Program,2011-2012,before_program,none,0,0,
13,Cleveland Clinic Foundation/Florida Weston Program,2012-2013,before_program,none,0,0,
13,Cleveland Clinic Foundation/Florida Weston Program,2013-2014,before_program,none,0,0,
13,Cleveland Clinic Foundation/Florida Weston Program,2014-2015,before_program,none,0,0,
13,Cleveland Clinic Foundation/Florida Weston Program,2015-2016,before_program,none,0,0,
13,Cleveland Clinic Foundation/Florida Weston Program,2016-2017,before_program,none,0,0,
13,Cleveland Clinic Foundation/Florida Weston Program,2017-2018,before_program,none,0,0,
13,Cleveland Clinic Foundation/Florida Weston Program,2018-2019,before_program,none,0,0,
13,Cleveland Clinic Foundation/Florida Weston Program,2019-2020,before_program,none,0,0,
13,Cleveland Clinic Foundation/Florida Weston Program,2020-2021,before_program,none,0,0,
13,Cleveland Clinic Foundation/Florida Weston Program,2021-2022,before_program,none,0,0,
13,Cleveland Clinic Foundation/Florida Weston Program,2022-2023,before_program,none,0,0,
13,Cleveland Clinic Foundation/Florida Weston Program,2023-2024,before_program,none,0,0,
13,Cleveland Clinic Foundation/Florida Weston Program,2024-2025,before_program,none,0,0,
14,Clinical Center at the National Institutes of Health Program,2011-2012,observed,none,3,2,A
14,Clinical Center at the National Institutes of Health Program,2012-2013,observed,none,4,3,A
14,Clinical Center at the National Institutes of Health Program,2013-2014,observed,none,5,4,A
14,Clinical Center at the National Institutes of Health Program,2014-2015,observed,none,5,5,A
14,Clinical Center at the National Institutes of Health Program,2015-2016,observed,none,6,6,A
14,Clinical Center at the National Institutes of Health Program,2016-2017,observed,low,6,7,A
14,Clinical Center at the National Institutes of Health Program,2017-2018,observed,none,6,7,A
14,Clinical Center at the National Institutes of Health Program,2018-2019,observed,none,6,7,A
14,Clinical Center at the National Institutes of Health Program,2019-2020,observed,none,6,7,A
14,Clinical Center at the National Institutes of Health Program,2020-2021,observed,none,6,7,A
14,Clinical Center at the National Institutes of Health Program,2021-2022,observed,none,7,7,A
14,Clinical Center at the National Institutes of Health Program,2022-2023,observed,none,7,7,A
14,Clinical Center at the National Institutes of Health Program,2023-2024,observed,none,7,7,A
14,Clinical Center at the National Institutes of Health Program,2024-2025,observed,none,7,7,A
15,Cooper Medical School of Rowan University/Cooper University Hospital Program,2011-2012,missing,low,0,7,C
15,Cooper Medical School of Rowan University/Cooper University Hospital Program,2012-2013,missing,significant,0,7,C
15,Cooper Medical School of Rowan University/Cooper University Hospital Program,2013-2014,missing,significant,0,7,C
15,Cooper Medical School of Rowan University/Cooper University Hospital Program,2014-2015,observed,low,9,7,A
15,Cooper Medical School of Rowan University/Cooper University Hospital Program,2015-2016,reconstructed,low,8,7,B
15,Cooper Medical School of Rowan University/Cooper University Hospital Program,2016-2017,reconstructed,low,10,7,B
15,Cooper Medical School of Rowan University/Cooper University Hospital Program,2017-2018,observed,none,12,7,A
15,Cooper Medical School of Rowan University/Cooper University Hospital Program,2018-2019,reconstructed,low,11,7,B
15,Cooper Medical School of Rowan University/Cooper University Hospital Program,2019-2020,observed,none,11,7,A
15,Cooper Medical School of Rowan University/Cooper University Hospital Program,2020-2021,observed,none,12,7,A
15,Cooper Medical School of Rowan University/Cooper University Hospital Program,2021-2022,observed,low,10,7,A
15,Cooper Medical School of Rowan University/Cooper University Hospital Program,2022-2023,observed,none,9,7,A
15,Cooper Medical School of Rowan University/Cooper University Hospital Program,2023-2024,observed,none,8,7,A
15,Cooper Medical School of Rowan University/Cooper University Hospital Program,2024-2025,observed,none,7,7,A
16,Corewell Health – Grand Rapids/Michigan State University Program © 2026 Accreditation Council for Graduate,2011-2012,before_program,none,0,0,
16,Corewell Health – Grand Rapids/Michigan State University Program © 2026 Accreditation Council for Graduate,2012-2013,before_program,none,0,0,
16,Corewell Health – Grand Rapids/Michigan State University Program © 2026 Accreditation Council for Graduate,2013-2014,before_program,none,0,0,
16,Corewell Health – Grand Rapids/Michigan State University Program © 2026 Accreditation Council for Graduate,2014-2015,before_program,none,0,0,
16,Corewell Health – Grand Rapids/Michigan State University Program © 2026 Accreditation Council for Graduate,2015-2016,before_program,none,0,0,
16,Corewell Health – Grand Rapids/Michigan State University Program © 2026 Accreditation Council for Graduate,2016-2017,before_program,none,0,0,
16,Corewell Health – Grand Rapids/Michigan State University Program © 2026 Accreditation Council for Graduate,2017-2018,before_program,none,0,0,
16,Corewell Health – Grand Rapids/Michigan State University Program © 2026 Accreditation Council for Graduate,2018-2019,observed,none,1,1,A
16,Corewell Health – Grand Rapids/Michigan State University Program © 2026 Accreditation Council for Graduate,2019-2020,observed,none,2,2,A
16,Corewell Health – Grand Rapids/Michigan State University Program © 2026 Accreditation Council for Graduate,2020-2021,observed,none,3,3,A
16,Corewell Health – Grand Rapids/Michigan State University Program © 2026 Accreditation Council for Graduate,2021-2022,observed,none,4,4,A
16,Corewell Health – Grand Rapids/Michigan State University Program © 2026 Accreditation Council for Graduate,2022-2023,observed,none,5,5,A
16,Corewell Health – Grand Rapids/Michigan State University Program © 2026 Accreditation Council for Graduate,2023-2024,observed,none,6,6,A
16,Corewell Health – Grand Rapids/Michigan State University Program © 2026 Accreditation Council for Graduate,2024-2025,observed,none,7,7,A
17,Corewell Health/William Beaumont University (Dearborn/Royal Oak) Program,2011-2012,before_program,,0,0,
17,Corewell Health/William Beaumont University (Dearborn/Royal Oak) Program,2012-2013,before_program,,0,0,
17,Corewell Health/William Beaumont University (Dearborn/Royal Oak) Program,2013-2014,before_program,,0,0,
17,Corewell Health/William Beaumont University (Dearborn/Royal Oak) Program,2014-2015,reconstructed,low,1,1,B
17,Corewell Health/William Beaumont University (Dearborn/Royal Oak) Program,2015-2016,reconstructed,low,1,2,B
17,Corewell Health/William Beaumont University (Dearborn/Royal Oak) Program,2016-2017,reconstructed,low,1,3,B
17,Corewell Health/William Beaumont University (Dearborn/Royal Oak) Program,2017-2018,reconstructed,low,2,4,B
17,Corewell Health/William Beaumont University (Dearborn/Royal Oak) Program,2018-2019,reconstructed,low,3,5,B
17,Corewell Health/William Beaumont University (Dearborn/Royal Oak) Program,2019-2020,observed,none,4,6,B
17,Corewell Health/William Beaumont University (Dearborn/Royal Oak) Program,2020-2021,observed,none,5,7,B
17,Corewell Health/William Beaumont University (Dearborn/Royal Oak) Program,2021-2022,observed,none,5,7,B
17,Corewell Health/William Beaumont University (Dearborn/Royal Oak) Program,2022-2023,observed,none,6,7,A
17,Corewell Health/William Beaumont University (Dearborn/Royal Oak) Program,2023-2024,observed,none,7,7,A
17,Corewell Health/William Beaumont University (Dearborn/Royal Oak) Program,2024-2025,observed,none,7,7,A
18,Dartmouth- Hitchcock/Mary Hitchcock Memorial Hospital Program,2011-2012,reconstructed,low,7,7,B
18,Dartmouth- Hitchcock/Mary Hitchcock Memorial Hospital Program,2012-2013,observed,none,7,7,A
18,Dartmouth- Hitchcock/Mary Hitchcock Memorial Hospital Program,2013-2014,reconstructed,low,7,7,B
18,Dartmouth- Hitchcock/Mary Hitchcock Memorial Hospital Program,2014-2015,reconstructed,low,7,7,B
18,Dartmouth- Hitchcock/Mary Hitchcock Memorial Hospital Program,2015-2016,observed,none,7,7,A
18,Dartmouth- Hitchcock/Mary Hitchcock Memorial Hospital Program,2016-2017,observed,none,6,7,A
18,Dartmouth- Hitchcock/Mary Hitchcock Memorial Hospital Program,2017-2018,observed,none,7,7,A
18,Dartmouth- Hitchcock/Mary Hitchcock Memorial Hospital Program,2018-2019,observed,none,7,7,A
18,Dartmouth- Hitchcock/Mary Hitchcock Memorial Hospital Program,2019-2020,observed,none,7,7,A
18,Dartmouth- Hitchcock/Mary Hitchcock Memorial Hospital Program,2020-2021,observed,none,8,7,A
18,Dartmouth- Hitchcock/Mary Hitchcock Memorial Hospital Program,2021-2022,observed,none,7,7,A
18,Dartmouth- Hitchcock/Mary Hitchcock Memorial Hospital Program,2022-2023,observed,none,7,7,A
18,Dartmouth- Hitchcock/Mary Hitchcock Memorial Hospital Program,2023-2024,observed,none,7,7,A
18,Dartmouth- Hitchcock/Mary Hitchcock Memorial Hospital Program,2024-2025,observed,none,8,7,A
19,Duke University Hospital Program,2011-2012,not_audited,,16,,-
19,Duke University Hospital Program,2012-2013,not_audited,,17,,-
19,Duke University Hospital Program,2013-2014,not_audited,,17,,-
19,Duke University Hospital Program,2014-2015,not_audited,,18,,-
19,Duke University Hospital Program,2015-2016,not_audited,,18,,-
19,Duke University Hospital Program,2016-2017,not_audited,,18,,-
19,Duke University Hospital Program,2017-2018,not_audited,,19,,-
19,Duke University Hospital Program,2018-2019,not_audited,,18,,-
19,Duke University Hospital Program,2019-2020,not_audited,,21,,-
19,Duke University Hospital Program,2020-2021,not_audited,,21,,-
19,Duke University Hospital Program,2021-2022,not_audited,,21,,-
19,Duke University Hospital Program,2022-2023,not_audited,,21,,-
19,Duke University Hospital Program,2023-2024,not_audited,,21,,-
19,Duke University Hospital Program,2024-2025,not_audited,,21,,-
20,Emory University School of Medicine Program,2011-2012,reconstructed,,18,28,B
20,Emory University School of Medicine Program,2012-2013,reconstructed,,19,28,B
20,Emory University School of Medicine Program,2013-2014,reconstructed,,18,28,B
20,Emory University School of Medicine Program,2014-2015,reconstructed,,21,28,B
20,Emory University School of Medicine Program,2015-2016,observed,,21,28,B
20,Emory University School of Medicine Program,2016-2017,observed,,21,28,B
20,Emory University School of Medicine Program,2017-2018,observed,,21,28,B
20,Emory University School of Medicine Program,2018-2019,observed,,21,28,B
20,Emory University School of Medicine Program,2019-2020,observed,,21,28,B
20,Emory University School of Medicine Program,2020-2021,observed,,21,28,B
20,Emory University School of Medicine Program,2021-2022,observed,,21,28,B
20,Emory University School of Medicine Program,2022-2023,observed,,21,28,B
20,Emory University School of Medicine Program,2023-2024,observed,,24,28,B
20,Emory University School of Medicine Program,2024-2025,observed,,25,28,B
21,Geisinger Health System Program,2011-2012,before_program,,0,0,
21,Geisinger Health System Program,2012-2013,before_program,,0,0,
21,Geisinger Health System Program,2013-2014,reconstructed,low,1,1,B
21,Geisinger Health System Program,2014-2015,reconstructed,significant,1,2,C
21,Geisinger Health System Program,2015-2016,reconstructed,significant,4,3,C
21,Geisinger Health System Program,2016-2017,reconstructed,significant,5,4,C
21,Geisinger Health System Program,2017-2018,reconstructed,low,6,5,B
21,Geisinger Health System Program,2018-2019,reconstructed,low,6,6,B
21,Geisinger Health System Program,2019-2020,reconstructed,low,7,7,B
21,Geisinger Health System Program,2020-2021,reconstructed,low,7,7,B
21,Geisinger Health System Program,2021-2022,reconstructed,low,8,7,B
21,Geisinger Health System Program,2022-2023,observed,none,7,7,A
21,Geisinger Health System Program,2023-2024,observed,none,7,7,A
21,Geisinger Health System Program,2024-2025,observed,none,7,7,A
22,George Washington University Program,2011-2012,observed,none,8,14,B
22,George Washington University Program,2012-2013,observed,none,8,14,B
22,George Washington University Program,2013-2014,observed,none,9,14,B
22,George Washington University Program,2014-2015,observed,none,9,14,B
22,George Washington University Program,2015-2016,reconstructed,none,9,14,B
22,George Washington University Program,2016-2017,observed,none,8,14,B
22,George Washington University Program,2017-2018,reconstructed,low,8,14,B
22,George Washington University Program,2018-2019,observed,none,8,14,B
22,George Washington University Program,2019-2020,observed,none,9,14,B
22,George Washington University Program,2020-2021,observed,none,8,14,B
22,George Washington University Program,2021-2022,observed,none,9,14,B
22,George Washington University Program,2022-2023,observed,none,9,14,B
22,George Washington University Program,2023-2024,observed,none,11,14,B
22,George Washington University Program,2024-2025,observed,none,10,14,B
23,Hackensack Meridian Health Program,2011-2012,not_applicable,none,0,,C
23,Hackensack Meridian Health Program,2012-2013,not_applicable,none,0,,C
23,Hackensack Meridian Health Program,2013-2014,not_applicable,none,0,,C
23,Hackensack Meridian Health Program,2014-2015,not_applicable,none,0,,C
23,Hackensack Meridian Health Program,2015-2016,not_applicable,none,0,,C
23,Hackensack Meridian Health Program,2016-2017,not_applicable,none,0,,C
23,Hackensack Meridian Health Program,2017-2018,not_applicable,none,0,,C
23,Hackensack Meridian Health Program,2018-2019,not_applicable,none,0,,C
23,Hackensack Meridian Health Program,2019-2020,not_applicable,none,0,,C
23,Hackensack Meridian Health Program,2020-2021,not_applicable,none,0,,C
23,Hackensack Meridian Health Program,2021-2022,not_applicable,none,0,,C
23,Hackensack Meridian Health Program,2022-2023,not_applicable,none,0,,C
23,Hackensack Meridian Health Program,2023-2024,not_applicable,none,0,,C
23,Hackensack Meridian Health Program,2024-2025,not_applicable,none,0,,C
24,Henry Ford Health/Henry Ford Hospital Program,2011-2012,missing,significant,0,14,C
24,Henry Ford Health/Henry Ford Hospital Program,2012-2013,missing,significant,0,14,C
24,Henry Ford Health/Henry Ford Hospital Program,2013-2014,missing,significant,0,14,C
24,Henry Ford Health/Henry Ford Hospital Program,2014-2015,missing,significant,0,14,C
24,Henry Ford Health/Henry Ford Hospital Program,2015-2016,missing,significant,0,14,C
24,Henry Ford Health/Henry Ford Hospital Program,2016-2017,reconstructed,significant,13,14,C
24,Henry Ford Health/Henry Ford Hospital Program,2017-2018,observed,none,14,14,A
24,Henry Ford Health/Henry Ford Hospital Program,2018-2019,observed,none,14,14,A
24,Henry Ford Health/Henry Ford Hospital Program,2019-2020,observed,none,13,14,A
24,Henry Ford Health/Henry Ford Hospital Program,2020-2021,reconstructed,low,13,14,B
24,Henry Ford Health/Henry Ford Hospital Program,2021-2022,observed,none,14,14,A
24,Henry Ford Health/Henry Ford Hospital Program,2022-2023,observed,none,14,14,A
24,Henry Ford Health/Henry Ford Hospital Program,2023-2024,reconstructed,low,14,14,B
24,Henry Ford Health/Henry Ford Hospital Program,2024-2025,observed,none,14,14,A
25,Henry Ford Providence Hospital Program © 2026 Accreditation Council for Graduate,2011-2012,observed,none,12,14,B
25,Henry Ford Providence Hospital Program © 2026 Accreditation Council for Graduate,2012-2013,observed,none,12,14,B
25,Henry Ford Providence Hospital Program © 2026 Accreditation Council for Graduate,2013-2014,reconstructed,low,12,14,B
25,Henry Ford Providence Hospital Program © 2026 Accreditation Council for Graduate,2014-2015,reconstructed,low,12,14,B
25,Henry Ford Providence Hospital Program © 2026 Accreditation Council for Graduate,2015-2016,observed,none,12,14,B
25,Henry Ford Providence Hospital Program © 2026 Accreditation Council for Graduate,2016-2017,observed,none,12,14,B
25,Henry Ford Providence Hospital Program © 2026 Accreditation Council for Graduate,2017-2018,reconstructed,low,11,14,B
25,Henry Ford Providence Hospital Program © 2026 Accreditation Council for Graduate,2018-2019,reconstructed,none,12,14,B
25,Henry Ford Providence Hospital Program © 2026 Accreditation Council for Graduate,2019-2020,observed,none,12,14,B
25,Henry Ford Providence Hospital Program © 2026 Accreditation Council for Graduate,2020-2021,observed,none,14,14,A
25,Henry Ford Providence Hospital Program © 2026 Accreditation Council for Graduate,2021-2022,observed,none,14,14,A
25,Henry Ford Providence Hospital Program © 2026 Accreditation Council for Graduate,2022-2023,observed,none,14,14,A
25,Henry Ford Providence Hospital Program © 2026 Accreditation Council for Graduate,2023-2024,observed,none,14,14,A
25,Henry Ford Providence Hospital Program © 2026 Accreditation Council for Graduate,2024-2025,observed,none,14,14,A
26,Houston Methodist Hospital (Medical Center) Program,2011-2012,reconstructed,significant,8,14,C
26,Houston Methodist Hospital (Medical Center) Program,2012-2013,reconstructed,significant,10,14,C
26,Houston Methodist Hospital (Medical Center) Program,2013-2014,observed,none,10,14,B
26,Houston Methodist Hospital (Medical Center) Program,2014-2015,observed,none,11,14,B
26,Houston Methodist Hospital (Medical Center) Program,2015-2016,observed,none,11,14,B
26,Houston Methodist Hospital (Medical Center) Program,2016-2017,observed,none,12,14,B
26,Houston Methodist Hospital (Medical Center) Program,2017-2018,observed,none,12,14,B
26,Houston Methodist Hospital (Medical Center) Program,2018-2019,observed,none,13,14,A
26,Houston Methodist Hospital (Medical Center) Program,2019-2020,observed,none,14,14,A
26,Houston Methodist Hospital (Medical Center) Program,2020-2021,observed,none,13,14,A
26,Houston Methodist Hospital (Medical Center) Program,2021-2022,observed,low,14,14,A
26,Houston Methodist Hospital (Medical Center) Program,2022-2023,observed,none,13,14,A
26,Houston Methodist Hospital (Medical Center) Program,2023-2024,observed,low,13,14,A
26,Houston Methodist Hospital (Medical Center) Program,2024-2025,observed,none,13,14,A
27,Icahn School of Medicine at Mount Sinai Program,2011-2012,reconstructed,low,14,14,B
27,Icahn School of Medicine at Mount Sinai Program,2012-2013,observed,none,13,14,A
27,Icahn School of Medicine at Mount Sinai Program,2013-2014,observed,none,14,14,A
27,Icahn School of Medicine at Mount Sinai Program,2014-2015,reconstructed,low,14,14,B
27,Icahn School of Medicine at Mount Sinai Program,2015-2016,observed,none,15,14,A
27,Icahn School of Medicine at Mount Sinai Program,2016-2017,observed,none,14,14,A
27,Icahn School of Medicine at Mount Sinai Program,2017-2018,observed,none,14,14,A
27,Icahn School of Medicine at Mount Sinai Program,2018-2019,observed,none,14,14,A
27,Icahn School of Medicine at Mount Sinai Program,2019-2020,observed,none,14,14,A
27,Icahn School of Medicine at Mount Sinai Program,2020-2021,observed,none,14,14,A
27,Icahn School of Medicine at Mount Sinai Program,2021-2022,observed,none,14,14,A
27,Icahn School of Medicine at Mount Sinai Program,2022-2023,observed,none,14,14,A
27,Icahn School of Medicine at Mount Sinai Program,2023-2024,observed,none,14,14,A
27,Icahn School of Medicine at Mount Sinai Program,2024-2025,observed,none,14,14,A
28,Indiana University School of Medicine Program,2011-2012,observed,none,14,21,B
28,Indiana University School of Medicine Program,2012-2013,reconstructed,low,13,21,B
28,Indiana University School of Medicine Program,2013-2014,observed,none,14,21,B
28,Indiana University School of Medicine Program,2014-2015,observed,none,14,21,B
28,Indiana University School of Medicine Program,2015-2016,observed,none,14,21,B
28,Indiana University School of Medicine Program,2016-2017,observed,none,15,21,B
28,Indiana University School of Medicine Program,2017-2018,observed,none,16,21,B
28,Indiana University School of Medicine Program,2018-2019,reconstructed,low,15,21,B
28,Indiana University School of Medicine Program,2019-2020,observed,none,18,21,B
28,Indiana University School of Medicine Program,2020-2021,observed,none,18,21,B
28,Indiana University School of Medicine Program,2021-2022,observed,none,19,21,B
28,Indiana University School of Medicine Program,2022-2023,observed,none,19,21,B
28,Indiana University School of Medicine Program,2023-2024,observed,none,19,21,B
28,Indiana University School of Medicine Program,2024-2025,observed,none,19,21,B
29,Inova Fairfax Hospital Campus Program,2011-2012,before_program,,0,0,
29,Inova Fairfax Hospital Campus Program,2012-2013,before_program,,0,0,
29,Inova Fairfax Hospital Campus Program,2013-2014,before_program,,0,0,
29,Inova Fairfax Hospital Campus Program,2014-2015,before_program,,0,0,
29,Inova Fairfax Hospital Campus Program,2015-2016,before_program,,0,0,
29,Inova Fairfax Hospital Campus Program,2016-2017,before_program,,0,0,
29,Inova Fairfax Hospital Campus Program,2017-2018,reconstructed,low,1,1,B
29,Inova Fairfax Hospital Campus Program,2018-2019,reconstructed,low,2,2,B
29,Inova Fairfax Hospital Campus Program,2019-2020,observed,none,3,3,A
29,Inova Fairfax Hospital Campus Program,2020-2021,observed,none,3,4,A
29,Inova Fairfax Hospital Campus Program,2021-2022,reconstructed,low,4,5,B
29,Inova Fairfax Hospital Campus Program,2022-2023,observed,none,5,6,A
29,Inova Fairfax Hospital Campus Program,2023-2024,reconstructed,low,5,7,B
29,Inova Fairfax Hospital Campus Program,2024-2025,observed,none,6,7,A
30,Johns Hopkins University Program,2011-2012,not_audited,,21,,-
30,Johns Hopkins University Program,2012-2013,not_audited,,21,,-
30,Johns Hopkins University Program,2013-2014,not_audited,,21,,-
30,Johns Hopkins University Program,2014-2015,not_audited,,21,,-
30,Johns Hopkins University Program,2015-2016,not_audited,,21,,-
30,Johns Hopkins University Program,2016-2017,not_audited,,20,,-
30,Johns Hopkins University Program,2017-2018,not_audited,,23,,-
30,Johns Hopkins University Program,2018-2019,not_audited,,25,,-
30,Johns Hopkins University Program,2019-2020,not_audited,,26,,-
30,Johns Hopkins University Program,2020-2021,not_audited,,26,,-
30,Johns Hopkins University Program,2021-2022,not_audited,,28,,-
30,Johns Hopkins University Program,2022-2023,not_audited,,27,,-
30,Johns Hopkins University Program,2023-2024,not_audited,,25,,-
30,Johns Hopkins University Program,2024-2025,not_audited,,25,,-
31,Loma Linda University Health Education Consortium Program,2011-2012,reconstructed,low,9,7,B
31,Loma Linda University Health Education Consortium Program,2012-2013,observed,none,9,7,A
31,Loma Linda University Health Education Consortium Program,2013-2014,reconstructed,low,8,7,B
31,Loma Linda University Health Education Consortium Program,2014-2015,observed,none,9,7,A
31,Loma Linda University Health Education Consortium Program,2015-2016,observed,none,8,7,A
31,Loma Linda University Health Education Consortium Program,2016-2017,observed,none,8,7,A
31,Loma Linda University Health Education Consortium Program,2017-2018,reconstructed,low,1,7,B
31,Loma Linda University Health Education Consortium Program,2018-2019,reconstructed,low,2,7,B
31,Loma Linda University Health Education Consortium Program,2019-2020,observed,none,3,7,B
31,Loma Linda University Health Education Consortium Program,2020-2021,observed,none,4,7,B
31,Loma Linda University Health Education Consortium Program,2021-2022,reconstructed,low,4,7,B
31,Loma Linda University Health Education Consortium Program,2022-2023,reconstructed,low,4,7,B
31,Loma Linda University Health Education Consortium Program,2023-2024,reconstructed,low,3,7,B
31,Loma Linda University Health Education Consortium Program,2024-2025,observed,none,7,7,A
32,Louisiana State University (Shreveport) Program,2011-2012,reconstructed,low,13,14,B
32,Louisiana State University (Shreveport) Program,2012-2013,observed,none,12,14,B
32,Louisiana State University (Shreveport) Program,2013-2014,observed,none,12,14,B
32,Louisiana State University (Shreveport) Program,2014-2015,observed,none,13,14,A
32,Louisiana State University (Shreveport) Program,2015-2016,observed,none,14,14,A
32,Louisiana State University (Shreveport) Program,2016-2017,observed,none,14,14,A
32,Louisiana State University (Shreveport) Program,2017-2018,observed,none,13,14,A
32,Louisiana State University (Shreveport) Program,2018-2019,observed,none,14,14,A
32,Louisiana State University (Shreveport) Program,2019-2020,observed,none,14,14,A
32,Louisiana State University (Shreveport) Program,2020-2021,observed,none,14,14,A
32,Louisiana State University (Shreveport) Program,2021-2022,observed,none,14,14,A
32,Louisiana State University (Shreveport) Program,2022-2023,reconstructed,low,10,14,B
32,Louisiana State University (Shreveport) Program,2023-2024,observed,none,14,14,A
32,Louisiana State University (Shreveport) Program,2024-2025,reconstructed,low,13,14,B
33,Louisiana State University School of Medicine Program © 2026 Accreditation Council for Graduate,2011-2012,observed,none,8,14,B
33,Louisiana State University School of Medicine Program © 2026 Accreditation Council for Graduate,2012-2013,observed,none,7,14,B
33,Louisiana State University School of Medicine Program © 2026 Accreditation Council for Graduate,2013-2014,observed,none,9,14,B
33,Louisiana State University School of Medicine Program © 2026 Accreditation Council for Graduate,2014-2015,observed,none,9,14,B
33,Louisiana State University School of Medicine Program © 2026 Accreditation Council for Graduate,2015-2016,observed,none,8,14,B
33,Louisiana State University School of Medicine Program © 2026 Accreditation Council for Graduate,2016-2017,reconstructed,low,9,14,B
33,Louisiana State University School of Medicine Program © 2026 Accreditation Council for Graduate,2017-2018,observed,none,9,14,B
33,Louisiana State University School of Medicine Program © 2026 Accreditation Council for Graduate,2018-2019,observed,none,9,14,B
33,Louisiana State University School of Medicine Program © 2026 Accreditation Council for Graduate,2019-2020,observed,none,9,14,B
33,Louisiana State University School of Medicine Program © 2026 Accreditation Council for Graduate,2020-2021,reconstructed,low,10,14,B
33,Louisiana State University School of Medicine Program © 2026 Accreditation Council for Graduate,2021-2022,reconstructed,low,10,14,B
33,Louisiana State University School of Medicine Program © 2026 Accreditation Council for Graduate,2022-2023,reconstructed,low,10,14,B
33,Louisiana State University School of Medicine Program © 2026 Accreditation Council for Graduate,2023-2024,observed,none,10,14,B
33,Louisiana State University School of Medicine Program © 2026 Accreditation Council for Graduate,2024-2025,observed,none,11,14,B
34,Loyola University Medical Center Program,2011-2012,observed,none,10,14,B
34,Loyola University Medical Center Program,2012-2013,reconstructed,low,10,14,B
34,Loyola University Medical Center Program,2013-2014,observed,none,11,14,B
34,Loyola University Medical Center Program,2014-2015,observed,none,11,14,B
34,Loyola University Medical Center Program,2015-2016,reconstructed,low,12,14,B
34,Loyola University Medical Center Program,2016-2017,reconstructed,low,9,14,B
34,Loyola University Medical Center Program,2017-2018,reconstructed,low,11,14,B
34,Loyola University Medical Center Program,2018-2019,observed,none,11,14,B
34,Loyola University Medical Center Program,2019-2020,observed,none,11,14,B
34,Loyola University Medical Center Program,2020-2021,reconstructed,low,11,14,B
34,Loyola University Medical Center Program,2021-2022,reconstructed,low,11,14,B
34,Loyola University Medical Center Program,2022-2023,observed,none,11,14,B
34,Loyola University Medical Center Program,2023-2024,reconstructed,low,11,14,B
34,Loyola University Medical Center Program,2024-2025,observed,none,11,14,B
35,MaineHealth Program,2011-2012,before_program,none,0,0,
35,MaineHealth Program,2012-2013,before_program,none,0,0,
35,MaineHealth Program,2013-2014,before_program,none,0,0,
35,MaineHealth Program,2014-2015,before_program,none,0,0,
35,MaineHealth Program,2015-2016,before_program,none,0,0,
35,MaineHealth Program,2016-2017,before_program,none,0,0,
35,MaineHealth Program,2017-2018,before_program,none,0,0,
35,MaineHealth Program,2018-2019,before_program,none,0,0,
35,MaineHealth Program,2019-2020,before_program,none,0,0,
35,MaineHealth Program,2020-2021,before_program,none,0,0,
35,MaineHealth Program,2021-2022,before_program,none,0,0,
35,MaineHealth Program,2022-2023,before_program,none,0,0,
35,MaineHealth Program,2023-2024,before_program,none,0,0,
35,MaineHealth Program,2024-2025,before_program,none,0,0,
36,Mass General Brigham,2011-2012,observed,none,20,21,A
36,Mass General Brigham,2012-2013,observed,none,20,21,A
36,Mass General Brigham,2013-2014,observed,none,21,21,A
36,Mass General Brigham,2014-2015,observed,none,22,21,A
36,Mass General Brigham,2015-2016,observed,none,21,21,A
36,Mass General Brigham,2016-2017,observed,none,21,21,A
36,Mass General Brigham,2017-2018,observed,none,21,21,A
36,Mass General Brigham,2018-2019,observed,none,20,21,A
36,Mass General Brigham,2019-2020,observed,none,21,21,A
36,Mass General Brigham,2020-2021,observed,none,21,21,A
36,Mass General Brigham,2021-2022,observed,none,21,21,A
36,Mass General Brigham,2022-2023,observed,none,21,21,A
36,Mass General Brigham,2023-2024,observed,none,21,21,A
36,Mass General Brigham,2024-2025,observed,none,21,21,A
37,Mass General Brigham/Brigham and Women's Hospital/Children's Hospital Program,2011-2012,reconstructed,low,13,21,B
37,Mass General Brigham/Brigham and Women's Hospital/Children's Hospital Program,2012-2013,observed,none,16,21,B
37,Mass General Brigham/Brigham and Women's Hospital/Children's Hospital Program,2013-2014,reconstructed,none,17,21,B
37,Mass General Brigham/Brigham and Women's Hospital/Children's Hospital Program,2014-2015,observed,none,17,21,B
37,Mass General Brigham/Brigham and Women's Hospital/Children's Hospital Program,2015-2016,observed,none,17,21,B
37,Mass General Brigham/Brigham and Women's Hospital/Children's Hospital Program,2016-2017,observed,none,18,21,B
37,Mass General Brigham/Brigham and Women's Hospital/Children's Hospital Program,2017-2018,observed,none,20,21,A
37,Mass General Brigham/Brigham and Women's Hospital/Children's Hospital Program,2018-2019,observed,none,19,21,B
37,Mass General Brigham/Brigham and Women's Hospital/Children's Hospital Program,2019-2020,observed,none,19,21,B
37,Mass General Brigham/Brigham and Women's Hospital/Children's Hospital Program,2020-2021,observed,none,21,21,A
37,Mass General Brigham/Brigham and Women's Hospital/Children's Hospital Program,2021-2022,observed,none,21,21,A
37,Mass General Brigham/Brigham and Women's Hospital/Children's Hospital Program,2022-2023,observed,none,21,21,A
37,Mass General Brigham/Brigham and Women's Hospital/Children's Hospital Program,2023-2024,observed,none,21,21,A
37,Mass General Brigham/Brigham and Women's Hospital/Children's Hospital Program,2024-2025,observed,none,21,21,A
38,Mayo Clinic College of Medicine and Science (Jacksonville) Program,2011-2012,before_program,none,0,0,
38,Mayo Clinic College of Medicine and Science (Jacksonville) Program,2012-2013,reconstructed,low,1,1,B
38,Mayo Clinic College of Medicine and Science (Jacksonville) Program,2013-2014,reconstructed,low,2,2,B
38,Mayo Clinic College of Medicine and Science (Jacksonville) Program,2014-2015,reconstructed,low,3,3,B
38,Mayo Clinic College of Medicine and Science (Jacksonville) Program,2015-2016,reconstructed,low,4,4,B
38,Mayo Clinic College of Medicine and Science (Jacksonville) Program,2016-2017,observed,none,5,5,A
38,Mayo Clinic College of Medicine and Science (Jacksonville) Program,2017-2018,observed,none,6,6,A
38,Mayo Clinic College of Medicine and Science (Jacksonville) Program,2018-2019,reconstructed,low,5,7,B
38,Mayo Clinic College of Medicine and Science (Jacksonville) Program,2019-2020,reconstructed,low,7,7,B
38,Mayo Clinic College of Medicine and Science (Jacksonville) Program,2020-2021,reconstructed,low,5,7,B
38,Mayo Clinic College of Medicine and Science (Jacksonville) Program,2021-2022,observed,none,6,7,A
38,Mayo Clinic College of Medicine and Science (Jacksonville) Program,2022-2023,observed,none,6,7,A
38,Mayo Clinic College of Medicine and Science (Jacksonville) Program,2023-2024,reconstructed,low,6,7,B
38,Mayo Clinic College of Medicine and Science (Jacksonville) Program,2024-2025,reconstructed,low,7,7,B
39,Mayo Clinic College of Medicine and Science (Phoenix) Program,2011-2012,before_program,,0,0,
39,Mayo Clinic College of Medicine and Science (Phoenix) Program,2012-2013,before_program,,0,0,
39,Mayo Clinic College of Medicine and Science (Phoenix) Program,2013-2014,before_program,,0,0,
39,Mayo Clinic College of Medicine and Science (Phoenix) Program,2014-2015,before_program,,0,0,
39,Mayo Clinic College of Medicine and Science (Phoenix) Program,2015-2016,before_program,,0,0,
39,Mayo Clinic College of Medicine and Science (Phoenix) Program,2016-2017,before_program,,0,0,
39,Mayo Clinic College of Medicine and Science (Phoenix) Program,2017-2018,before_program,,0,0,
39,Mayo Clinic College of Medicine and Science (Phoenix) Program,2018-2019,before_program,,0,0,
39,Mayo Clinic College of Medicine and Science (Phoenix) Program,2019-2020,before_program,,0,0,
39,Mayo Clinic College of Medicine and Science (Phoenix) Program,2020-2021,reconstructed,low,1,1,B
39,Mayo Clinic College of Medicine and Science (Phoenix) Program,2021-2022,observed,none,3,2,A
39,Mayo Clinic College of Medicine and Science (Phoenix) Program,2022-2023,observed,none,4,3,A
39,Mayo Clinic College of Medicine and Science (Phoenix) Program,2023-2024,observed,none,5,4,A
39,Mayo Clinic College of Medicine and Science (Phoenix) Program,2024-2025,observed,none,6,5,A
40,Mayo Clinic College of Medicine and Science (Rochester) Program,2011-2012,not_audited,,10,,-
40,Mayo Clinic College of Medicine and Science (Rochester) Program,2012-2013,not_audited,,13,,-
40,Mayo Clinic College of Medicine and Science (Rochester) Program,2013-2014,not_audited,,16,,-
40,Mayo Clinic College of Medicine and Science (Rochester) Program,2014-2015,not_audited,,19,,-
40,Mayo Clinic College of Medicine and Science (Rochester) Program,2015-2016,not_audited,,22,,-
40,Mayo Clinic College of Medicine and Science (Rochester) Program,2016-2017,not_audited,,22,,-
40,Mayo Clinic College of Medicine and Science (Rochester) Program,2017-2018,not_audited,,21,,-
40,Mayo Clinic College of Medicine and Science (Rochester) Program,2018-2019,not_audited,,21,,-
40,Mayo Clinic College of Medicine and Science (Rochester) Program,2019-2020,not_audited,,23,,-
40,Mayo Clinic College of Medicine and Science (Rochester) Program,2020-2021,not_audited,,25,,-
40,Mayo Clinic College of Medicine and Science (Rochester) Program,2021-2022,not_audited,,25,,-
40,Mayo Clinic College of Medicine and Science (Rochester) Program,2022-2023,not_audited,,26,,-
40,Mayo Clinic College of Medicine and Science (Rochester) Program,2023-2024,not_audited,,27,,-
40,Mayo Clinic College of Medicine and Science (Rochester) Program,2024-2025,not_audited,,27,,-
41,McGaw Medical Center of Northwestern University Program © 2026 Accreditation Council for Graduate,2011-2012,not_audited,,14,,-
41,McGaw Medical Center of Northwestern University Program © 2026 Accreditation Council for Graduate,2012-2013,not_audited,,15,,-
41,McGaw Medical Center of Northwestern University Program © 2026 Accreditation Council for Graduate,2013-2014,not_audited,,15,,-
41,McGaw Medical Center of Northwestern University Program © 2026 Accreditation Council for Graduate,2014-2015,not_audited,,15,,-
41,McGaw Medical Center of Northwestern University Program © 2026 Accreditation Council for Graduate,2015-2016,not_audited,,17,,-
41,McGaw Medical Center of Northwestern University Program © 2026 Accreditation Council for Graduate,2016-2017,not_audited,,19,,-
41,McGaw Medical Center of Northwestern University Program © 2026 Accreditation Council for Graduate,2017-2018,not_audited,,19,,-
41,McGaw Medical Center of Northwestern University Program © 2026 Accreditation Council for Graduate,2018-2019,not_audited,,20,,-
41,McGaw Medical Center of Northwestern University Program © 2026 Accreditation Council for Graduate,2019-2020,not_audited,,21,,-
41,McGaw Medical Center of Northwestern University Program © 2026 Accreditation Council for Graduate,2020-2021,not_audited,,22,,-
41,McGaw Medical Center of Northwestern University Program © 2026 Accreditation Council for Graduate,2021-2022,not_audited,,21,,-
41,McGaw Medical Center of Northwestern University Program © 2026 Accreditation Council for Graduate,2022-2023,not_audited,,21,,-
41,McGaw Medical Center of Northwestern University Program © 2026 Accreditation Council for Graduate,2023-2024,not_audited,,18,,-
41,McGaw Medical Center of Northwestern University Program © 2026 Accreditation Council for Graduate,2024-2025,not_audited,,18,,-
42,Medical College of Georgia Program,2011-2012,reconstructed,significant,7,7,C
42,Medical College of Georgia Program,2012-2013,observed,low,7,7,A
42,Medical College of Georgia Program,2013-2014,observed,none,7,7,A
42,Medical College of Georgia Program,2014-2015,observed,none,7,7,A
42,Medical College of Georgia Program,2015-2016,observed,none,7,7,A
42,Medical College of Georgia Program,2016-2017,observed,none,7,7,A
42,Medical College of Georgia Program,2017-2018,observed,none,7,7,A
42,Medical College of Georgia Program,2018-2019,observed,none,7,7,A
42,Medical College of Georgia Program,2019-2020,observed,none,7,7,A
42,Medical College of Georgia Program,2020-2021,observed,none,7,7,A
42,Medical College of Georgia Program,2021-2022,observed,none,7,7,A
42,Medical College of Georgia Program,2022-2023,observed,none,8,7,A
42,Medical College of Georgia Program,2023-2024,observed,none,8,7,A
42,Medical College of Georgia Program,2024-2025,observed,none,8,7,A
43,Medical College of Wisconsin Affiliated Hospitals Program,2011-2012,observed,none,9,14,B
43,Medical College of Wisconsin Affiliated Hospitals Program,2012-2013,reconstructed,low,8,14,B
43,Medical College of Wisconsin Affiliated Hospitals Program,2013-2014,reconstructed,low,9,14,B
43,Medical College of Wisconsin Affiliated Hospitals Program,2014-2015,observed,none,9,14,B
43,Medical College of Wisconsin Affiliated Hospitals Program,2015-2016,observed,low,10,14,B
43,Medical College of Wisconsin Affiliated Hospitals Program,2016-2017,observed,none,10,14,B
43,Medical College of Wisconsin Affiliated Hospitals Program,2017-2018,observed,none,11,14,B
43,Medical College of Wisconsin Affiliated Hospitals Program,2018-2019,observed,none,11,14,B
43,Medical College of Wisconsin Affiliated Hospitals Program,2019-2020,observed,none,11,14,B
43,Medical College of Wisconsin Affiliated Hospitals Program,2020-2021,observed,none,11,14,B
43,Medical College of Wisconsin Affiliated Hospitals Program,2021-2022,observed,none,12,14,B
43,Medical College of Wisconsin Affiliated Hospitals Program,2022-2023,observed,low,12,14,B
43,Medical College of Wisconsin Affiliated Hospitals Program,2023-2024,observed,none,13,14,A
43,Medical College of Wisconsin Affiliated Hospitals Program,2024-2025,observed,none,12,14,B
44,Medical University of South Carolina Program,2011-2012,reconstructed,low,8,14,B
44,Medical University of South Carolina Program,2012-2013,observed,none,9,14,B
44,Medical University of South Carolina Program,2013-2014,observed,none,9,14,B
44,Medical University of South Carolina Program,2014-2015,observed,none,10,14,B
44,Medical University of South Carolina Program,2015-2016,observed,none,10,14,B
44,Medical University of South Carolina Program,2016-2017,observed,low,12,14,B
44,Medical University of South Carolina Program,2017-2018,observed,none,10,14,B
44,Medical University of South Carolina Program,2018-2019,observed,none,12,14,B
44,Medical University of South Carolina Program,2019-2020,observed,none,13,14,A
44,Medical University of South Carolina Program,2020-2021,observed,none,14,14,A
44,Medical University of South Carolina Program,2021-2022,observed,none,15,14,A
44,Medical University of South Carolina Program,2022-2023,observed,none,15,14,A
44,Medical University of South Carolina Program,2023-2024,observed,none,14,14,A
44,Medical University of South Carolina Program,2024-2025,observed,none,14,14,A
45,MedStar Health Georgetown University Program,2011-2012,reconstructed,low,14,14,B
45,MedStar Health Georgetown University Program,2012-2013,reconstructed,low,12,14,B
45,MedStar Health Georgetown University Program,2013-2014,reconstructed,low,12,14,B
45,MedStar Health Georgetown University Program,2014-2015,observed,none,12,14,B
45,MedStar Health Georgetown University Program,2015-2016,reconstructed,low,12,14,B
45,MedStar Health Georgetown University Program,2016-2017,observed,none,12,14,B
45,MedStar Health Georgetown University Program,2017-2018,reconstructed,low,11,14,B
45,MedStar Health Georgetown University Program,2018-2019,reconstructed,low,11,14,B
45,MedStar Health Georgetown University Program,2019-2020,reconstructed,low,13,14,B
45,MedStar Health Georgetown University Program,2020-2021,reconstructed,low,13,14,B
45,MedStar Health Georgetown University Program,2021-2022,reconstructed,low,14,14,B
45,MedStar Health Georgetown University Program,2022-2023,reconstructed,low,14,14,B
45,MedStar Health Georgetown University Program,2023-2024,observed,none,14,14,A
45,MedStar Health Georgetown University Program,2024-2025,observed,none,14,14,A
46,Montefiore Medical Center/Albert Einstein College of Medicine Program,2011-2012,observed,low,10,14,B
46,Montefiore Medical Center/Albert Einstein College of Medicine Program,2012-2013,reconstructed,low,11,14,B
46,Montefiore Medical Center/Albert Einstein College of Medicine Program,2013-2014,reconstructed,low,11,14,B
46,Montefiore Medical Center/Albert Einstein College of Medicine Program,2014-2015,observed,none,11,14,B
46,Montefiore Medical Center/Albert Einstein College of Medicine Program,2015-2016,reconstructed,significant,10,14,C
46,Montefiore Medical Center/Albert Einstein College of Medicine Program,2016-2017,reconstructed,low,11,14,B
46,Montefiore Medical Center/Albert Einstein College of Medicine Program,2017-2018,reconstructed,low,11,14,B
46,Montefiore Medical Center/Albert Einstein College of Medicine Program,2018-2019,observed,none,11,14,B
46,Montefiore Medical Center/Albert Einstein College of Medicine Program,2019-2020,observed,none,11,14,B
46,Montefiore Medical Center/Albert Einstein College of Medicine Program,2020-2021,observed,none,11,14,B
46,Montefiore Medical Center/Albert Einstein College of Medicine Program,2021-2022,observed,low,12,14,B
46,Montefiore Medical Center/Albert Einstein College of Medicine Program,2022-2023,reconstructed,low,12,14,B
46,Montefiore Medical Center/Albert Einstein College of Medicine Program,2023-2024,observed,none,12,14,B
46,Montefiore Medical Center/Albert Einstein College of Medicine Program,2024-2025,reconstructed,low,11,14,B
47,National Capital Consortium Program,2011-2012,missing,significant,1,,C
47,National Capital Consortium Program,2012-2013,missing,significant,1,,C
47,National Capital Consortium Program,2013-2014,missing,significant,1,,C
47,National Capital Consortium Program,2014-2015,missing,significant,1,,C
47,National Capital Consortium Program,2015-2016,missing,significant,1,,C
47,National Capital Consortium Program,2016-2017,missing,significant,0,,C
47,National Capital Consortium Program,2017-2018,missing,significant,1,,C
47,National Capital Consortium Program,2018-2019,missing,significant,1,,C
47,National Capital Consortium Program,2019-2020,missing,significant,1,,C
47,National Capital Consortium Program,2020-2021,missing,significant,2,,C
47,National Capital Consortium Program,2021-2022,missing,significant,2,,C
47,National Capital Consortium Program,2022-2023,missing,significant,2,,C
47,National Capital Consortium Program,2023-2024,missing,significant,2,,C
47,National Capital Consortium Program,2024-2025,missing,significant,1,,C
48,New York Presbyterian Hospital (Columbia Campus) Program,2011-2012,observed,none,16,21,B
48,New York Presbyterian Hospital (Columbia Campus) Program,2012-2013,observed,none,16,21,B
48,New York Presbyterian Hospital (Columbia Campus) Program,2013-2014,observed,none,15,21,B
48,New York Presbyterian Hospital (Columbia Campus) Program,2014-2015,observed,low,15,21,B
48,New York Presbyterian Hospital (Columbia Campus) Program,2015-2016,observed,none,14,21,B
48,New York Presbyterian Hospital (Columbia Campus) Program,2016-2017,observed,none,13,21,B
48,New York Presbyterian Hospital (Columbia Campus) Program,2017-2018,observed,none,12,21,B
48,New York Presbyterian Hospital (Columbia Campus) Program,2018-2019,observed,none,14,21,B
48,New York Presbyterian Hospital (Columbia Campus) Program,2019-2020,observed,none,14,21,B
48,New York Presbyterian Hospital (Columbia Campus) Program,2020-2021,observed,none,14,21,B
48,New York Presbyterian Hospital (Columbia Campus) Program,2021-2022,observed,none,14,21,B
48,New York Presbyterian Hospital (Columbia Campus) Program,2022-2023,observed,none,14,21,B
48,New York Presbyterian Hospital (Columbia Campus) Program,2023-2024,observed,none,15,21,B
48,New York Presbyterian Hospital (Columbia Campus) Program,2024-2025,observed,none,16,21,B
49,New York Presbyterian Hospital (Cornell Campus) Program © 2026 Accreditation Council for Graduate,2011-2012,observed,none,15,14,A
49,New York Presbyterian Hospital (Cornell Campus) Program © 2026 Accreditation Council for Graduate,2012-2013,observed,none,15,14,A
49,New York Presbyterian Hospital (Cornell Campus) Program © 2026 Accreditation Council for Graduate,2013-2014,observed,none,14,14,A
49,New York Presbyterian Hospital (Cornell Campus) Program © 2026 Accreditation Council for Graduate,2014-2015,observed,none,14,14,A
49,New York Presbyterian Hospital (Cornell Campus) Program © 2026 Accreditation Council for Graduate,2015-2016,observed,none,15,14,A
49,New York Presbyterian Hospital (Cornell Campus) Program © 2026 Accreditation Council for Graduate,2016-2017,observed,none,14,14,A
49,New York Presbyterian Hospital (Cornell Campus) Program © 2026 Accreditation Council for Graduate,2017-2018,observed,none,14,14,A
49,New York Presbyterian Hospital (Cornell Campus) Program © 2026 Accreditation Council for Graduate,2018-2019,observed,none,15,14,A
49,New York Presbyterian Hospital (Cornell Campus) Program © 2026 Accreditation Council for Graduate,2019-2020,observed,none,15,14,A
49,New York Presbyterian Hospital (Cornell Campus) Program © 2026 Accreditation Council for Graduate,2020-2021,observed,none,14,14,A
49,New York Presbyterian Hospital (Cornell Campus) Program © 2026 Accreditation Council for Graduate,2021-2022,observed,none,14,14,A
49,New York Presbyterian Hospital (Cornell Campus) Program © 2026 Accreditation Council for Graduate,2022-2023,observed,none,15,14,A
49,New York Presbyterian Hospital (Cornell Campus) Program © 2026 Accreditation Council for Graduate,2023-2024,observed,none,15,14,A
49,New York Presbyterian Hospital (Cornell Campus) Program © 2026 Accreditation Council for Graduate,2024-2025,observed,none,15,14,A
50,NYU Grossman School of Medicine Program,2011-2012,reconstructed,low,14,21,B
50,NYU Grossman School of Medicine Program,2012-2013,reconstructed,significant,14,21,C
50,NYU Grossman School of Medicine Program,2013-2014,observed,none,15,21,B
50,NYU Grossman School of Medicine Program,2014-2015,observed,none,15,21,B
50,NYU Grossman School of Medicine Program,2015-2016,observed,none,15,21,B
50,NYU Grossman School of Medicine Program,2016-2017,observed,none,16,21,B
50,NYU Grossman School of Medicine Program,2017-2018,observed,none,15,21,B
50,NYU Grossman School of Medicine Program,2018-2019,observed,none,17,21,B
50,NYU Grossman School of Medicine Program,2019-2020,observed,low,18,21,B
50,NYU Grossman School of Medicine Program,2020-2021,observed,none,18,21,B
50,NYU Grossman School of Medicine Program,2021-2022,observed,none,19,21,B
50,NYU Grossman School of Medicine Program,2022-2023,observed,none,20,21,A
50,NYU Grossman School of Medicine Program,2023-2024,observed,none,21,21,A
50,NYU Grossman School of Medicine Program,2024-2025,observed,none,20,21,A
51,Ohio State University Hospital Program,2011-2012,observed,none,15,28,B
51,Ohio State University Hospital Program,2012-2013,reconstructed,low,15,28,B
51,Ohio State University Hospital Program,2013-2014,observed,none,14,28,B
51,Ohio State University Hospital Program,2014-2015,observed,none,14,28,B
51,Ohio State University Hospital Program,2015-2016,observed,none,14,28,B
51,Ohio State University Hospital Program,2016-2017,observed,none,15,28,B
51,Ohio State University Hospital Program,2017-2018,observed,none,15,28,B
51,Ohio State University Hospital Program,2018-2019,observed,none,16,28,B
51,Ohio State University Hospital Program,2019-2020,observed,none,16,28,B
51,Ohio State University Hospital Program,2020-2021,observed,none,15,28,B
51,Ohio State University Hospital Program,2021-2022,observed,none,16,28,B
51,Ohio State University Hospital Program,2022-2023,observed,none,16,28,B
51,Ohio State University Hospital Program,2023-2024,observed,none,18,28,B
51,Ohio State University Hospital Program,2024-2025,observed,none,18,28,B
52,Oregon Health & Science University (OHSU Health) Program,2011-2012,observed,none,14,21,B
52,Oregon Health & Science University (OHSU Health) Program,2012-2013,observed,none,15,21,B
52,Oregon Health & Science University (OHSU Health) Program,2013-2014,observed,none,15,21,B
52,Oregon Health & Science University (OHSU Health) Program,2014-2015,observed,none,16,21,B
52,Oregon Health & Science University (OHSU Health) Program,2015-2016,observed,none,16,21,B
52,Oregon Health & Science University (OHSU Health) Program,2016-2017,observed,none,17,21,B
52,Oregon Health & Science University (OHSU Health) Program,2017-2018,observed,none,17,21,B
52,Oregon Health & Science University (OHSU Health) Program,2018-2019,observed,none,18,21,B
52,Oregon Health & Science University (OHSU Health) Program,2019-2020,observed,none,18,21,B
52,Oregon Health & Science University (OHSU Health) Program,2020-2021,observed,none,20,21,A
52,Oregon Health & Science University (OHSU Health) Program,2021-2022,observed,none,21,21,A
52,Oregon Health & Science University (OHSU Health) Program,2022-2023,observed,none,22,21,A
52,Oregon Health & Science University (OHSU Health) Program,2023-2024,observed,none,21,21,A
52,Oregon Health & Science University (OHSU Health) Program,2024-2025,observed,none,22,21,A
53,Penn State Milton S Hershey Medical Center Program,2011-2012,reconstructed,low,12,21,B
53,Penn State Milton S Hershey Medical Center Program,2012-2013,observed,none,13,21,B
53,Penn State Milton S Hershey Medical Center Program,2013-2014,observed,none,14,21,B
53,Penn State Milton S Hershey Medical Center Program,2014-2015,observed,none,14,21,B
53,Penn State Milton S Hershey Medical Center Program,2015-2016,observed,none,14,21,B
53,Penn State Milton S Hershey Medical Center Program,2016-2017,observed,none,13,21,B
53,Penn State Milton S Hershey Medical Center Program,2017-2018,reconstructed,low,15,21,B
53,Penn State Milton S Hershey Medical Center Program,2018-2019,reconstructed,low,12,21,B
53,Penn State Milton S Hershey Medical Center Program,2019-2020,reconstructed,low,10,21,B
53,Penn State Milton S Hershey Medical Center Program,2020-2021,reconstructed,low,10,21,B
53,Penn State Milton S Hershey Medical Center Program,2021-2022,observed,none,18,21,B
53,Penn State Milton S Hershey Medical Center Program,2022-2023,reconstructed,low,15,21,B
53,Penn State Milton S Hershey Medical Center Program,2023-2024,reconstructed,low,14,21,B
53,Penn State Milton S Hershey Medical Center Program,2024-2025,observed,none,19,21,B
54,Rhode Island Hospital/Brown University Health Program,2011-2012,observed,none,7,14,B
54,Rhode Island Hospital/Brown University Health Program,2012-2013,reconstructed,low,7,14,B
54,Rhode Island Hospital/Brown University Health Program,2013-2014,observed,none,7,14,B
54,Rhode Island Hospital/Brown University Health Program,2014-2015,observed,none,7,14,B
54,Rhode Island Hospital/Brown University Health Program,2015-2016,reconstructed,low,6,14,B
54,Rhode Island Hospital/Brown University Health Program,2016-2017,reconstructed,none,8,14,B
54,Rhode Island Hospital/Brown University Health Program,2017-2018,reconstructed,low,8,14,B
54,Rhode Island Hospital/Brown University Health Program,2018-2019,observed,none,9,14,B
54,Rhode Island Hospital/Brown University Health Program,2019-2020,observed,none,9,14,B
54,Rhode Island Hospital/Brown University Health Program,2020-2021,observed,none,11,14,B
54,Rhode Island Hospital/Brown University Health Program,2021-2022,observed,none,13,14,A
54,Rhode Island Hospital/Brown University Health Program,2022-2023,observed,none,14,14,A
54,Rhode Island Hospital/Brown University Health Program,2023-2024,observed,none,13,14,A
54,Rhode Island Hospital/Brown University Health Program,2024-2025,observed,none,14,14,A
55,Riverside University Health System Program,2011-2012,observed,none,16,21,B
55,Riverside University Health System Program,2012-2013,observed,low,15,21,B
55,Riverside University Health System Program,2013-2014,observed,none,19,21,B
55,Riverside University Health System Program,2014-2015,observed,none,21,21,A
55,Riverside University Health System Program,2015-2016,observed,none,21,21,A
55,Riverside University Health System Program,2016-2017,observed,none,21,21,A
55,Riverside University Health System Program,2017-2018,reconstructed,significant,19,21,C
55,Riverside University Health System Program,2018-2019,reconstructed,significant,20,21,C
55,Riverside University Health System Program,2019-2020,reconstructed,significant,17,21,C
55,Riverside University Health System Program,2020-2021,reconstructed,significant,18,21,C
55,Riverside University Health System Program,2021-2022,reconstructed,significant,15,21,C
55,Riverside University Health System Program,2022-2023,reconstructed,significant,12,21,C
55,Riverside University Health System Program,2023-2024,reconstructed,significant,10,21,C
55,Riverside University Health System Program,2024-2025,reconstructed,significant,8,21,C
56,Rush University Medical Center Program,2011-2012,reconstructed,low,12,21,B
56,Rush University Medical Center Program,2012-2013,reconstructed,low,12,21,B
56,Rush University Medical Center Program,2013-2014,reconstructed,low,12,21,B
56,Rush University Medical Center Program,2014-2015,reconstructed,low,13,21,B
56,Rush University Medical Center Program,2015-2016,reconstructed,low,12,21,B
56,Rush University Medical Center Program,2016-2017,reconstructed,low,13,21,B
56,Rush University Medical Center Program,2017-2018,reconstructed,low,13,21,B
56,Rush University Medical Center Program,2018-2019,observed,low,15,21,B
56,Rush University Medical Center Program,2019-2020,observed,none,16,21,B
56,Rush University Medical Center Program,2020-2021,reconstructed,low,14,21,B
56,Rush University Medical Center Program,2021-2022,observed,none,17,21,B
56,Rush University Medical Center Program,2022-2023,observed,low,15,21,B
56,Rush University Medical Center Program,2023-2024,observed,none,18,21,B
56,Rush University Medical Center Program,2024-2025,observed,none,17,21,B
57,Rutgers Health/New Jersey Medical School Program,2011-2012,reconstructed,low,6,21,B
57,Rutgers Health/New Jersey Medical School Program,2012-2013,reconstructed,low,6,21,B
57,Rutgers Health/New Jersey Medical School Program,2013-2014,observed,none,14,21,B
57,Rutgers Health/New Jersey Medical School Program,2014-2015,reconstructed,low,9,21,B
57,Rutgers Health/New Jersey Medical School Program,2015-2016,reconstructed,low,9,21,B
57,Rutgers Health/New Jersey Medical School Program,2016-2017,observed,none,14,21,B
57,Rutgers Health/New Jersey Medical School Program,2017-2018,reconstructed,low,8,21,B
57,Rutgers Health/New Jersey Medical School Program,2018-2019,reconstructed,low,8,21,B
57,Rutgers Health/New Jersey Medical School Program,2019-2020,observed,none,13,21,B
57,Rutgers Health/New Jersey Medical School Program,2020-2021,observed,none,19,21,B
57,Rutgers Health/New Jersey Medical School Program,2021-2022,observed,none,18,21,B
57,Rutgers Health/New Jersey Medical School Program,2022-2023,reconstructed,low,15,21,B
57,Rutgers Health/New Jersey Medical School Program,2023-2024,observed,none,16,21,B
57,Rutgers Health/New Jersey Medical School Program,2024-2025,observed,none,18,21,B
58,Sidney Kimmel Medical College at Thomas Jefferson University/TJUH Program © 2026 Accreditation Council for Graduate,2011-2012,observed,none,18,21,B
58,Sidney Kimmel Medical College at Thomas Jefferson University/TJUH Program © 2026 Accreditation Council for Graduate,2012-2013,observed,none,19,21,B
58,Sidney Kimmel Medical College at Thomas Jefferson University/TJUH Program © 2026 Accreditation Council for Graduate,2013-2014,observed,none,21,21,A
58,Sidney Kimmel Medical College at Thomas Jefferson University/TJUH Program © 2026 Accreditation Council for Graduate,2014-2015,observed,none,23,21,A
58,Sidney Kimmel Medical College at Thomas Jefferson University/TJUH Program © 2026 Accreditation Council for Graduate,2015-2016,observed,none,20,21,A
58,Sidney Kimmel Medical College at Thomas Jefferson University/TJUH Program © 2026 Accreditation Council for Graduate,2016-2017,observed,none,20,21,A
58,Sidney Kimmel Medical College at Thomas Jefferson University/TJUH Program © 2026 Accreditation Council for Graduate,2017-2018,observed,none,20,21,A
58,Sidney Kimmel Medical College at Thomas Jefferson University/TJUH Program © 2026 Accreditation Council for Graduate,2018-2019,observed,none,19,21,B
58,Sidney Kimmel Medical College at Thomas Jefferson University/TJUH Program © 2026 Accreditation Council for Graduate,2019-2020,observed,none,21,21,A
58,Sidney Kimmel Medical College at Thomas Jefferson University/TJUH Program © 2026 Accreditation Council for Graduate,2020-2021,observed,none,21,21,A
58,Sidney Kimmel Medical College at Thomas Jefferson University/TJUH Program © 2026 Accreditation Council for Graduate,2021-2022,observed,none,22,21,A
58,Sidney Kimmel Medical College at Thomas Jefferson University/TJUH Program © 2026 Accreditation Council for Graduate,2022-2023,observed,none,23,21,A
58,Sidney Kimmel Medical College at Thomas Jefferson University/TJUH Program © 2026 Accreditation Council for Graduate,2023-2024,observed,none,24,21,A
58,Sidney Kimmel Medical College at Thomas Jefferson University/TJUH Program © 2026 Accreditation Council for Graduate,2024-2025,observed,none,24,21,A
59,Southern Illinois University School of Medicine Program,2011-2012,before_program,,0,0,
59,Southern Illinois University School of Medicine Program,2012-2013,before_program,,0,0,
59,Southern Illinois University School of Medicine Program,2013-2014,before_program,,0,0,
59,Southern Illinois University School of Medicine Program,2014-2015,observed,none,1,1,A
59,Southern Illinois University School of Medicine Program,2015-2016,observed,none,2,2,A
59,Southern Illinois University School of Medicine Program,2016-2017,observed,none,3,3,A
59,Southern Illinois University School of Medicine Program,2017-2018,observed,none,4,4,A
59,Southern Illinois University School of Medicine Program,2018-2019,observed,none,5,5,A
59,Southern Illinois University School of Medicine Program,2019-2020,observed,none,6,6,A
59,Southern Illinois University School of Medicine Program,2020-2021,observed,none,7,7,A
59,Southern Illinois University School of Medicine Program,2021-2022,observed,none,6,7,A
59,Southern Illinois University School of Medicine Program,2022-2023,observed,none,6,7,A
59,Southern Illinois University School of Medicine Program,2023-2024,observed,none,7,7,A
59,Southern Illinois University School of Medicine Program,2024-2025,observed,none,7,7,A
60,SSM Health/Saint Louis University School of Medicine Program,2011-2012,not_audited,,6,,-
60,SSM Health/Saint Louis University School of Medicine Program,2012-2013,not_audited,,8,,-
60,SSM Health/Saint Louis University School of Medicine Program,2013-2014,not_audited,,8,,-
60,SSM Health/Saint Louis University School of Medicine Program,2014-2015,not_audited,,7,,-
60,SSM Health/Saint Louis University School of Medicine Program,2015-2016,not_audited,,7,,-
60,SSM Health/Saint Louis University School of Medicine Program,2016-2017,not_audited,,7,,-
60,SSM Health/Saint Louis University School of Medicine Program,2017-2018,not_audited,,7,,-
60,SSM Health/Saint Louis University School of Medicine Program,2018-2019,not_audited,,6,,-
60,SSM Health/Saint Louis University School of Medicine Program,2019-2020,not_audited,,8,,-
60,SSM Health/Saint Louis University School of Medicine Program,2020-2021,not_audited,,7,,-
60,SSM Health/Saint Louis University School of Medicine Program,2021-2022,not_audited,,7,,-
60,SSM Health/Saint Louis University School of Medicine Program,2022-2023,not_audited,,6,,-
60,SSM Health/Saint Louis University School of Medicine Program,2023-2024,not_audited,,7,,-
60,SSM Health/Saint Louis University School of Medicine Program,2024-2025,not_audited,,7,,-
61,Stanford Health Care-Sponsored Stanford University Program,2011-2012,observed,none,18,21,B
61,Stanford Health Care-Sponsored Stanford University Program,2012-2013,observed,low,19,21,B
61,Stanford Health Care-Sponsored Stanford University Program,2013-2014,observed,none,20,21,A
61,Stanford Health Care-Sponsored Stanford University Program,2014-2015,observed,none,20,21,A
61,Stanford Health Care-Sponsored Stanford University Program,2015-2016,observed,none,19,21,B
61,Stanford Health Care-Sponsored Stanford University Program,2016-2017,observed,none,20,21,A
61,Stanford Health Care-Sponsored Stanford University Program,2017-2018,observed,none,20,21,A
61,Stanford Health Care-Sponsored Stanford University Program,2018-2019,observed,none,21,21,A
61,Stanford Health Care-Sponsored Stanford University Program,2019-2020,observed,none,21,21,A
61,Stanford Health Care-Sponsored Stanford University Program,2020-2021,observed,none,21,21,A
61,Stanford Health Care-Sponsored Stanford University Program,2021-2022,observed,none,21,21,A
61,Stanford Health Care-Sponsored Stanford University Program,2022-2023,observed,none,21,21,A
61,Stanford Health Care-Sponsored Stanford University Program,2023-2024,observed,none,21,21,A
61,Stanford Health Care-Sponsored Stanford University Program,2024-2025,observed,none,21,21,A
62,Stony Brook Medicine Program,2011-2012,before_program,,0,0,
62,Stony Brook Medicine Program,2012-2013,before_program,,0,0,
62,Stony Brook Medicine Program,2013-2014,before_program,,0,0,
62,Stony Brook Medicine Program,2014-2015,before_program,,0,0,
62,Stony Brook Medicine Program,2015-2016,before_program,,0,0,
62,Stony Brook Medicine Program,2016-2017,before_program,,0,0,
62,Stony Brook Medicine Program,2017-2018,before_program,,0,0,
62,Stony Brook Medicine Program,2018-2019,before_program,,0,0,
62,Stony Brook Medicine Program,2019-2020,before_program,,0,0,
62,Stony Brook Medicine Program,2020-2021,reconstructed,low,1,1,B
62,Stony Brook Medicine Program,2021-2022,reconstructed,low,2,2,B
62,Stony Brook Medicine Program,2022-2023,reconstructed,low,3,3,B
62,Stony Brook Medicine Program,2023-2024,observed,none,4,4,A
62,Stony Brook Medicine Program,2024-2025,observed,none,4,5,A
63,SUNY Upstate Medical University Program,2011-2012,reconstructed,low,10,14,B
63,SUNY Upstate Medical University Program,2012-2013,reconstructed,low,9,14,B
63,SUNY Upstate Medical University Program,2013-2014,observed,none,11,14,B
63,SUNY Upstate Medical University Program,2014-2015,observed,none,11,14,B
63,SUNY Upstate Medical University Program,2015-2016,reconstructed,low,11,14,B
63,SUNY Upstate Medical University Program,2016-2017,observed,none,11,14,B
63,SUNY Upstate Medical University Program,2017-2018,observed,none,11,14,B
63,SUNY Upstate Medical University Program,2018-2019,observed,none,10,14,B
63,SUNY Upstate Medical University Program,2019-2020,observed,none,11,14,B
63,SUNY Upstate Medical University Program,2020-2021,observed,none,11,14,B
63,SUNY Upstate Medical University Program,2021-2022,observed,none,11,14,B
63,SUNY Upstate Medical University Program,2022-2023,observed,none,11,14,B
63,SUNY Upstate Medical University Program,2023-2024,observed,none,11,14,B
63,SUNY Upstate Medical University Program,2024-2025,observed,none,12,14,B
64,Temple University Hospital Program,2011-2012,reconstructed,low,4,7,B
64,Temple University Hospital Program,2012-2013,reconstructed,low,6,7,B
64,Temple University Hospital Program,2013-2014,observed,none,7,7,A
64,Temple University Hospital Program,2014-2015,observed,none,7,7,A
64,Temple University Hospital Program,2015-2016,observed,none,7,7,A
64,Temple University Hospital Program,2016-2017,observed,none,7,7,A
64,Temple University Hospital Program,2017-2018,observed,none,7,7,A
64,Temple University Hospital Program,2018-2019,observed,none,7,7,A
64,Temple University Hospital Program,2019-2020,observed,none,7,7,A
64,Temple University Hospital Program,2020-2021,observed,none,7,7,A
64,Temple University Hospital Program,2021-2022,observed,none,7,7,A
64,Temple University Hospital Program,2022-2023,observed,none,7,7,A
64,Temple University Hospital Program,2023-2024,observed,none,7,7,A
64,Temple University Hospital Program,2024-2025,observed,none,7,7,A
65,Tufts Medical Center Program,2011-2012,observed,none,7,14,B
65,Tufts Medical Center Program,2012-2013,observed,none,7,14,B
65,Tufts Medical Center Program,2013-2014,observed,none,7,14,B
65,Tufts Medical Center Program,2014-2015,observed,low,7,14,B
65,Tufts Medical Center Program,2015-2016,observed,none,7,14,B
65,Tufts Medical Center Program,2016-2017,observed,low,7,14,B
65,Tufts Medical Center Program,2017-2018,observed,none,6,14,B
65,Tufts Medical Center Program,2018-2019,observed,none,7,14,B
65,Tufts Medical Center Program,2019-2020,observed,low,7,14,B
65,Tufts Medical Center Program,2020-2021,observed,none,8,14,B
65,Tufts Medical Center Program,2021-2022,observed,none,8,14,B
65,Tufts Medical Center Program,2022-2023,observed,none,8,14,B
65,Tufts Medical Center Program,2023-2024,observed,none,9,14,B
65,Tufts Medical Center Program,2024-2025,observed,none,9,14,B
66,Tulane University/Ochsner Clinic Foundation Program,2011-2012,reconstructed,low,6,14,B
66,Tulane University/Ochsner Clinic Foundation Program,2012-2013,observed,none,6,14,B
66,Tulane University/Ochsner Clinic Foundation Program,2013-2014,observed,none,6,14,B
66,Tulane University/Ochsner Clinic Foundation Program,2014-2015,reconstructed,low,6,14,B
66,Tulane University/Ochsner Clinic Foundation Program,2015-2016,observed,none,6,14,B
66,Tulane University/Ochsner Clinic Foundation Program,2016-2017,observed,none,8,14,B
66,Tulane University/Ochsner Clinic Foundation Program,2017-2018,observed,none,9,14,B
66,Tulane University/Ochsner Clinic Foundation Program,2018-2019,observed,none,9,14,B
66,Tulane University/Ochsner Clinic Foundation Program,2019-2020,observed,none,11,14,B
66,Tulane University/Ochsner Clinic Foundation Program,2020-2021,reconstructed,low,12,14,B
66,Tulane University/Ochsner Clinic Foundation Program,2021-2022,observed,none,12,14,B
66,Tulane University/Ochsner Clinic Foundation Program,2022-2023,reconstructed,low,12,14,B
66,Tulane University/Ochsner Clinic Foundation Program,2023-2024,observed,none,11,14,B
66,Tulane University/Ochsner Clinic Foundation Program,2024-2025,observed,none,10,14,B
67,UCLA David Geffen School of Medicine/UCLA Medical Center Program © 2026 Accreditation Council for Graduate,2011-2012,not_audited,,19,,-
67,UCLA David Geffen School of Medicine/UCLA Medical Center Program © 2026 Accreditation Council for Graduate,2012-2013,not_audited,,20,,-
67,UCLA David Geffen School of Medicine/UCLA Medical Center Program © 2026 Accreditation Council for Graduate,2013-2014,not_audited,,20,,-
67,UCLA David Geffen School of Medicine/UCLA Medical Center Program © 2026 Accreditation Council for Graduate,2014-2015,not_audited,,20,,-
67,UCLA David Geffen School of Medicine/UCLA Medical Center Program © 2026 Accreditation Council for Graduate,2015-2016,not_audited,,21,,-
67,UCLA David Geffen School of Medicine/UCLA Medical Center Program © 2026 Accreditation Council for Graduate,2016-2017,not_audited,,22,,-
67,UCLA David Geffen School of Medicine/UCLA Medical Center Program © 2026 Accreditation Council for Graduate,2017-2018,not_audited,,21,,-
67,UCLA David Geffen School of Medicine/UCLA Medical Center Program © 2026 Accreditation Council for Graduate,2018-2019,not_audited,,21,,-
67,UCLA David Geffen School of Medicine/UCLA Medical Center Program © 2026 Accreditation Council for Graduate,2019-2020,not_audited,,20,,-
67,UCLA David Geffen School of Medicine/UCLA Medical Center Program © 2026 Accreditation Council for Graduate,2020-2021,not_audited,,21,,-
67,UCLA David Geffen School of Medicine/UCLA Medical Center Program © 2026 Accreditation Council for Graduate,2021-2022,not_audited,,21,,-
67,UCLA David Geffen School of Medicine/UCLA Medical Center Program © 2026 Accreditation Council for Graduate,2022-2023,not_audited,,21,,-
67,UCLA David Geffen School of Medicine/UCLA Medical Center Program © 2026 Accreditation Council for Graduate,2023-2024,not_audited,,21,,-
67,UCLA David Geffen School of Medicine/UCLA Medical Center Program © 2026 Accreditation Council for Graduate,2024-2025,not_audited,,21,,-
68,UMass Chan Medical School Program,2011-2012,before_program,,0,0,
68,UMass Chan Medical School Program,2012-2013,before_program,,0,0,
68,UMass Chan Medical School Program,2013-2014,before_program,,0,0,
68,UMass Chan Medical School Program,2014-2015,before_program,,0,0,
68,UMass Chan Medical School Program,2015-2016,before_program,,0,0,
68,UMass Chan Medical School Program,2016-2017,before_program,,0,0,
68,UMass Chan Medical School Program,2017-2018,before_program,,0,0,
68,UMass Chan Medical School Program,2018-2019,before_program,,0,0,
68,UMass Chan Medical School Program,2019-2020,observed,none,1,1,A
68,UMass Chan Medical School Program,2020-2021,observed,low,2,2,A
68,UMass Chan Medical School Program,2021-2022,observed,none,3,3,A
68,UMass Chan Medical School Program,2022-2023,observed,none,4,4,A
68,UMass Chan Medical School Program,2023-2024,observed,none,5,5,A
68,UMass Chan Medical School Program,2024-2025,observed,none,6,6,A
69,University at Buffalo Program,2011-2012,reconstructed,low,12,21,B
69,University at Buffalo Program,2012-2013,reconstructed,low,12,21,B
69,University at Buffalo Program,2013-2014,observed,none,12,21,B
69,University at Buffalo Program,2014-2015,observed,none,13,21,B
69,University at Buffalo Program,2015-2016,observed,none,14,21,B
69,University at Buffalo Program,2016-2017,observed,none,16,21,B
69,University at Buffalo Program,2017-2018,observed,low,16,21,B
69,University at Buffalo Program,2018-2019,observed,none,17,21,B
69,University at Buffalo Program,2019-2020,observed,none,17,21,B
69,University at Buffalo Program,2020-2021,observed,low,18,21,B
69,University at Buffalo Program,2021-2022,observed,none,19,21,B
69,University at Buffalo Program,2022-2023,observed,none,19,21,B
69,University at Buffalo Program,2023-2024,observed,none,18,21,B
69,University at Buffalo Program,2024-2025,observed,none,19,21,B
70,University of Alabama Hospital (Birmingham) Program,2011-2012,observed,none,15,21,B
70,University of Alabama Hospital (Birmingham) Program,2012-2013,reconstructed,low,16,21,B
70,University of Alabama Hospital (Birmingham) Program,2013-2014,observed,none,17,21,B
70,University of Alabama Hospital (Birmingham) Program,2014-2015,observed,none,19,21,B
70,University of Alabama Hospital (Birmingham) Program,2015-2016,observed,none,21,21,A
70,University of Alabama Hospital (Birmingham) Program,2016-2017,observed,none,21,21,A
70,University of Alabama Hospital (Birmingham) Program,2017-2018,observed,none,21,21,A
70,University of Alabama Hospital (Birmingham) Program,2018-2019,observed,none,21,21,A
70,University of Alabama Hospital (Birmingham) Program,2019-2020,observed,none,22,21,A
70,University of Alabama Hospital (Birmingham) Program,2020-2021,observed,none,21,21,A
70,University of Alabama Hospital (Birmingham) Program,2021-2022,observed,none,21,21,A
70,University of Alabama Hospital (Birmingham) Program,2022-2023,observed,none,20,21,A
70,University of Alabama Hospital (Birmingham) Program,2023-2024,observed,none,21,21,A
70,University of Alabama Hospital (Birmingham) Program,2024-2025,observed,none,21,21,A
71,University of Arizona College of Medicine - Phoenix Program,2011-2012,before_program,,0,0,
71,University of Arizona College of Medicine - Phoenix Program,2012-2013,before_program,,0,0,
71,University of Arizona College of Medicine - Phoenix Program,2013-2014,before_program,,0,0,
71,University of Arizona College of Medicine - Phoenix Program,2014-2015,before_program,,0,0,
71,University of Arizona College of Medicine - Phoenix Program,2015-2016,before_program,,0,0,
71,University of Arizona College of Medicine - Phoenix Program,2016-2017,before_program,,0,0,
71,University of Arizona College of Medicine - Phoenix Program,2017-2018,before_program,,0,0,
71,University of Arizona College of Medicine - Phoenix Program,2018-2019,before_program,,0,0,
71,University of Arizona College of Medicine - Phoenix Program,2019-2020,before_program,,0,0,
71,University of Arizona College of Medicine - Phoenix Program,2020-2021,before_program,,0,0,
71,University of Arizona College of Medicine - Phoenix Program,2021-2022,before_program,,0,0,
71,University of Arizona College of Medicine - Phoenix Program,2022-2023,before_program,,0,0,
71,University of Arizona College of Medicine - Phoenix Program,2023-2024,before_program,,0,0,
71,University of Arizona College of Medicine - Phoenix Program,2024-2025,reconstructed,none,2,1,B
72,University of Arizona College of Medicine- Tucson Program,2011-2012,reconstructed,significant,5,7,C
72,University of Arizona College of Medicine- Tucson Program,2012-2013,reconstructed,significant,6,7,C
72,University of Arizona College of Medicine- Tucson Program,2013-2014,reconstructed,significant,7,7,C
72,University of Arizona College of Medicine- Tucson Program,2014-2015,observed,none,7,7,A
72,University of Arizona College of Medicine- Tucson Program,2015-2016,observed,none,6,7,A
72,University of Arizona College of Medicine- Tucson Program,2016-2017,observed,none,7,7,A
72,University of Arizona College of Medicine- Tucson Program,2017-2018,reconstructed,low,7,7,B
72,University of Arizona College of Medicine- Tucson Program,2018-2019,observed,none,7,7,A
72,University of Arizona College of Medicine- Tucson Program,2019-2020,reconstructed,low,7,7,B
72,University of Arizona College of Medicine- Tucson Program,2020-2021,reconstructed,low,7,7,B
72,University of Arizona College of Medicine- Tucson Program,2021-2022,observed,none,8,7,A
72,University of Arizona College of Medicine- Tucson Program,2022-2023,observed,none,8,7,A
72,University of Arizona College of Medicine- Tucson Program,2023-2024,observed,none,7,7,A
72,University of Arizona College of Medicine- Tucson Program,2024-2025,observed,none,7,7,A
73,University of Arkansas for Medical Sciences (UAMS) College of Medicine Program,2011-2012,missing,significant,7,14,C
73,University of Arkansas for Medical Sciences (UAMS) College of Medicine Program,2012-2013,reconstructed,significant,4,14,C
73,University of Arkansas for Medical Sciences (UAMS) College of Medicine Program,2013-2014,reconstructed,significant,4,14,C
73,University of Arkansas for Medical Sciences (UAMS) College of Medicine Program,2014-2015,missing,low,11,14,C
73,University of Arkansas for Medical Sciences (UAMS) College of Medicine Program,2015-2016,reconstructed,significant,6,14,C
73,University of Arkansas for Medical Sciences (UAMS) College of Medicine Program,2016-2017,observed,none,10,14,B
73,University of Arkansas for Medical Sciences (UAMS) College of Medicine Program,2017-2018,observed,none,11,14,B
73,University of Arkansas for Medical Sciences (UAMS) College of Medicine Program,2018-2019,observed,none,10,14,B
73,University of Arkansas for Medical Sciences (UAMS) College of Medicine Program,2019-2020,observed,none,11,14,B
73,University of Arkansas for Medical Sciences (UAMS) College of Medicine Program,2020-2021,observed,none,11,14,B
73,University of Arkansas for Medical Sciences (UAMS) College of Medicine Program,2021-2022,observed,none,11,14,B
73,University of Arkansas for Medical Sciences (UAMS) College of Medicine Program,2022-2023,observed,none,11,14,B
73,University of Arkansas for Medical Sciences (UAMS) College of Medicine Program,2023-2024,observed,none,11,14,B
73,University of Arkansas for Medical Sciences (UAMS) College of Medicine Program,2024-2025,observed,none,12,14,B
74,University of California (Irvine) Program,2011-2012,observed,low,7,14,B
74,University of California (Irvine) Program,2012-2013,reconstructed,low,8,14,B
74,University of California (Irvine) Program,2013-2014,observed,none,8,14,B
74,University of California (Irvine) Program,2014-2015,observed,none,8,14,B
74,University of California (Irvine) Program,2015-2016,observed,none,8,14,B
74,University of California (Irvine) Program,2016-2017,observed,none,7,14,B
74,University of California (Irvine) Program,2017-2018,observed,none,9,14,B
74,University of California (Irvine) Program,2018-2019,observed,none,9,14,B
74,University of California (Irvine) Program,2019-2020,observed,none,11,14,B
74,University of California (Irvine) Program,2020-2021,observed,none,10,14,B
74,University of California (Irvine) Program,2021-2022,observed,none,10,14,B
74,University of California (Irvine) Program,2022-2023,observed,none,10,14,B
74,University of California (Irvine) Program,2023-2024,observed,none,11,14,B
74,University of California (Irvine) Program,2024-2025,observed,none,11,14,B
75,University of California (San Diego) Medical Center Program,2011-2012,observed,low,14,14,A
75,University of California (San Diego) Medical Center Program,2012-2013,observed,none,14,14,A
75,University of California (San Diego) Medical Center Program,2013-2014,observed,none,14,14,A
75,University of California (San Diego) Medical Center Program,2014-2015,observed,none,14,14,A
75,University of California (San Diego) Medical Center Program,2015-2016,observed,none,15,14,A
75,University of California (San Diego) Medical Center Program,2016-2017,observed,none,15,14,A
75,University of California (San Diego) Medical Center Program,2017-2018,observed,none,14,14,A
75,University of California (San Diego) Medical Center Program,2018-2019,observed,none,14,14,A
75,University of California (San Diego) Medical Center Program,2019-2020,observed,none,14,14,A
75,University of California (San Diego) Medical Center Program,2020-2021,observed,none,15,14,A
75,University of California (San Diego) Medical Center Program,2021-2022,observed,none,15,14,A
75,University of California (San Diego) Medical Center Program,2022-2023,reconstructed,low,14,14,B
75,University of California (San Diego) Medical Center Program,2023-2024,observed,none,15,14,A
75,University of California (San Diego) Medical Center Program,2024-2025,observed,none,15,14,A
76,University of California (San Francisco) Program © 2026 Accreditation Council for Graduate,2011-2012,not_audited,,21,,-
76,University of California (San Francisco) Program © 2026 Accreditation Council for Graduate,2012-2013,not_audited,,18,,-
76,University of California (San Francisco) Program © 2026 Accreditation Council for Graduate,2013-2014,not_audited,,19,,-
76,University of California (San Francisco) Program © 2026 Accreditation Council for Graduate,2014-2015,not_audited,,19,,-
76,University of California (San Francisco) Program © 2026 Accreditation Council for Graduate,2015-2016,not_audited,,19,,-
76,University of California (San Francisco) Program © 2026 Accreditation Council for Graduate,2016-2017,not_audited,,19,,-
76,University of California (San Francisco) Program © 2026 Accreditation Council for Graduate,2017-2018,not_audited,,18,,-
76,University of California (San Francisco) Program © 2026 Accreditation Council for Graduate,2018-2019,not_audited,,18,,-
76,University of California (San Francisco) Program © 2026 Accreditation Council for Graduate,2019-2020,not_audited,,21,,-
76,University of California (San Francisco) Program © 2026 Accreditation Council for Graduate,2020-2021,not_audited,,21,,-
76,University of California (San Francisco) Program © 2026 Accreditation Council for Graduate,2021-2022,not_audited,,21,,-
76,University of California (San Francisco) Program © 2026 Accreditation Council for Graduate,2022-2023,not_audited,,21,,-
76,University of California (San Francisco) Program © 2026 Accreditation Council for Graduate,2023-2024,not_audited,,20,,-
76,University of California (San Francisco) Program © 2026 Accreditation Council for Graduate,2024-2025,not_audited,,21,,-
77,University of California Davis Health Program,2011-2012,observed,low,8,14,B
77,University of California Davis Health Program,2012-2013,observed,none,8,14,B
77,University of California Davis Health Program,2013-2014,observed,none,8,14,B
77,University of California Davis Health Program,2014-2015,observed,none,8,14,B
77,University of California Davis Health Program,2015-2016,observed,low,7,14,B
77,University of California Davis Health Program,2016-2017,observed,none,7,14,B
77,University of California Davis Health Program,2017-2018,observed,none,7,14,B
77,University of California Davis Health Program,2018-2019,observed,none,10,14,B
77,University of California Davis Health Program,2019-2020,observed,none,10,14,B
77,University of California Davis Health Program,2020-2021,observed,none,13,14,A
77,University of California Davis Health Program,2021-2022,observed,none,14,14,A
77,University of California Davis Health Program,2022-2023,observed,none,15,14,A
77,University of California Davis Health Program,2023-2024,observed,none,14,14,A
77,University of California Davis Health Program,2024-2025,observed,none,14,14,A
78,University of Chicago Program,2011-2012,observed,none,10,14,B
78,University of Chicago Program,2012-2013,observed,none,11,14,B
78,University of Chicago Program,2013-2014,observed,none,11,14,B
78,University of Chicago Program,2014-2015,observed,none,11,14,B
78,University of Chicago Program,2015-2016,observed,none,10,14,B
78,University of Chicago Program,2016-2017,observed,none,10,14,B
78,University of Chicago Program,2017-2018,observed,none,10,14,B
78,University of Chicago Program,2018-2019,reconstructed,low,6,14,B
78,University of Chicago Program,2019-2020,observed,none,10,14,B
78,University of Chicago Program,2020-2021,observed,none,11,14,B
78,University of Chicago Program,2021-2022,reconstructed,low,7,14,B
78,University of Chicago Program,2022-2023,reconstructed,low,7,14,B
78,University of Chicago Program,2023-2024,observed,none,11,14,B
78,University of Chicago Program,2024-2025,observed,none,12,14,B
79,University of Cincinnati Medical Center/College of Medicine Program,2011-2012,observed,none,16,14,A
79,University of Cincinnati Medical Center/College of Medicine Program,2012-2013,reconstructed,low,17,14,B
79,University of Cincinnati Medical Center/College of Medicine Program,2013-2014,observed,low,18,14,A
79,University of Cincinnati Medical Center/College of Medicine Program,2014-2015,observed,none,16,14,A
79,University of Cincinnati Medical Center/College of Medicine Program,2015-2016,reconstructed,low,12,14,B
79,University of Cincinnati Medical Center/College of Medicine Program,2016-2017,observed,low,14,14,A
79,University of Cincinnati Medical Center/College of Medicine Program,2017-2018,observed,none,14,14,A
79,University of Cincinnati Medical Center/College of Medicine Program,2018-2019,observed,none,12,14,B
79,University of Cincinnati Medical Center/College of Medicine Program,2019-2020,observed,none,13,14,A
79,University of Cincinnati Medical Center/College of Medicine Program,2020-2021,observed,none,13,14,A
79,University of Cincinnati Medical Center/College of Medicine Program,2021-2022,observed,none,13,14,A
79,University of Cincinnati Medical Center/College of Medicine Program,2022-2023,observed,none,12,14,B
79,University of Cincinnati Medical Center/College of Medicine Program,2023-2024,observed,none,13,14,A
79,University of Cincinnati Medical Center/College of Medicine Program,2024-2025,observed,none,13,14,A
80,University of Colorado Program,2011-2012,observed,none,14,14,A
80,University of Colorado Program,2012-2013,observed,none,14,14,A
80,University of Colorado Program,2013-2014,reconstructed,low,12,14,B
80,University of Colorado Program,2014-2015,observed,none,13,14,A
80,University of Colorado Program,2015-2016,observed,none,14,14,A
80,University of Colorado Program,2016-2017,observed,none,14,14,A
80,University of Colorado Program,2017-2018,observed,none,15,14,A
80,University of Colorado Program,2018-2019,observed,none,14,14,A
80,University of Colorado Program,2019-2020,reconstructed,low,14,14,B
80,University of Colorado Program,2020-2021,observed,none,14,14,A
80,University of Colorado Program,2021-2022,reconstructed,low,14,14,B
80,University of Colorado Program,2022-2023,observed,none,15,14,A
80,University of Colorado Program,2023-2024,observed,none,15,14,A
80,University of Colorado Program,2024-2025,observed,none,15,14,A
81,University of Connecticut School of Medicine Program,2011-2012,before_program,,0,0,
81,University of Connecticut School of Medicine Program,2012-2013,before_program,,0,0,
81,University of Connecticut School of Medicine Program,2013-2014,before_program,,0,0,
81,University of Connecticut School of Medicine Program,2014-2015,before_program,,0,0,
81,University of Connecticut School of Medicine Program,2015-2016,before_program,,0,0,
81,University of Connecticut School of Medicine Program,2016-2017,before_program,,0,0,
81,University of Connecticut School of Medicine Program,2017-2018,before_program,,0,0,
81,University of Connecticut School of Medicine Program,2018-2019,before_program,,0,0,
81,University of Connecticut School of Medicine Program,2019-2020,before_program,,0,0,
81,University of Connecticut School of Medicine Program,2020-2021,observed,none,1,1,A
81,University of Connecticut School of Medicine Program,2021-2022,observed,none,2,2,A
81,University of Connecticut School of Medicine Program,2022-2023,observed,none,3,3,A
81,University of Connecticut School of Medicine Program,2023-2024,observed,none,4,4,A
81,University of Connecticut School of Medicine Program,2024-2025,observed,none,5,5,A
82,University of Florida Program,2011-2012,observed,low,20,21,A
82,University of Florida Program,2012-2013,observed,none,17,21,B
82,University of Florida Program,2013-2014,observed,none,18,21,B
82,University of Florida Program,2014-2015,observed,none,19,21,B
82,University of Florida Program,2015-2016,observed,none,20,21,A
82,University of Florida Program,2016-2017,observed,none,19,21,B
82,University of Florida Program,2017-2018,observed,none,18,21,B
82,University of Florida Program,2018-2019,observed,none,19,21,B
82,University of Florida Program,2019-2020,observed,none,20,21,A
82,University of Florida Program,2020-2021,observed,none,20,21,A
82,University of Florida Program,2021-2022,observed,none,22,21,A
82,University of Florida Program,2022-2023,observed,none,21,21,A
82,University of Florida Program,2023-2024,observed,low,21,21,A
82,University of Florida Program,2024-2025,observed,none,20,21,A
83,University of Illinois College of Medicine at Chicago Program,2011-2012,reconstructed,low,8,14,B
83,University of Illinois College of Medicine at Chicago Program,2012-2013,observed,none,10,14,B
83,University of Illinois College of Medicine at Chicago Program,2013-2014,observed,none,10,14,B
83,University of Illinois College of Medicine at Chicago Program,2014-2015,observed,none,11,14,B
83,University of Illinois College of Medicine at Chicago Program,2015-2016,observed,none,11,14,B
83,University of Illinois College of Medicine at Chicago Program,2016-2017,observed,none,11,14,B
83,University of Illinois College of Medicine at Chicago Program,2017-2018,observed,none,11,14,B
83,University of Illinois College of Medicine at Chicago Program,2018-2019,observed,none,10,14,B
83,University of Illinois College of Medicine at Chicago Program,2019-2020,observed,none,10,14,B
83,University of Illinois College of Medicine at Chicago Program,2020-2021,observed,none,11,14,B
83,University of Illinois College of Medicine at Chicago Program,2021-2022,observed,none,11,14,B
83,University of Illinois College of Medicine at Chicago Program,2022-2023,observed,none,10,14,B
83,University of Illinois College of Medicine at Chicago Program,2023-2024,observed,low,11,14,B
83,University of Illinois College of Medicine at Chicago Program,2024-2025,observed,none,12,14,B
84,University of Illinois College of Medicine at Peoria Program,2011-2012,missing,low,0,14,C
84,University of Illinois College of Medicine at Peoria Program,2012-2013,observed,low,7,14,B
84,University of Illinois College of Medicine at Peoria Program,2013-2014,observed,none,9,14,B
84,University of Illinois College of Medicine at Peoria Program,2014-2015,observed,none,9,14,B
84,University of Illinois College of Medicine at Peoria Program,2015-2016,observed,low,9,14,B
84,University of Illinois College of Medicine at Peoria Program,2016-2017,observed,none,9,14,B
84,University of Illinois College of Medicine at Peoria Program,2017-2018,observed,none,9,14,B
84,University of Illinois College of Medicine at Peoria Program,2018-2019,reconstructed,low,10,14,B
84,University of Illinois College of Medicine at Peoria Program,2019-2020,observed,none,11,14,B
84,University of Illinois College of Medicine at Peoria Program,2020-2021,observed,low,11,14,B
84,University of Illinois College of Medicine at Peoria Program,2021-2022,observed,none,11,14,B
84,University of Illinois College of Medicine at Peoria Program,2022-2023,observed,none,11,14,B
84,University of Illinois College of Medicine at Peoria Program,2023-2024,observed,none,10,14,B
84,University of Illinois College of Medicine at Peoria Program,2024-2025,observed,none,11,14,B
85,University of Iowa Health Care Medical Center Program © 2026 Accreditation Council for Graduate,2011-2012,reconstructed,low,10,14,B
85,University of Iowa Health Care Medical Center Program © 2026 Accreditation Council for Graduate,2012-2013,observed,none,14,14,A
85,University of Iowa Health Care Medical Center Program © 2026 Accreditation Council for Graduate,2013-2014,observed,none,14,14,A
85,University of Iowa Health Care Medical Center Program © 2026 Accreditation Council for Graduate,2014-2015,observed,none,14,14,A
85,University of Iowa Health Care Medical Center Program © 2026 Accreditation Council for Graduate,2015-2016,observed,none,14,14,A
85,University of Iowa Health Care Medical Center Program © 2026 Accreditation Council for Graduate,2016-2017,observed,none,14,14,A
85,University of Iowa Health Care Medical Center Program © 2026 Accreditation Council for Graduate,2017-2018,observed,none,14,14,A
85,University of Iowa Health Care Medical Center Program © 2026 Accreditation Council for Graduate,2018-2019,observed,none,15,14,A
85,University of Iowa Health Care Medical Center Program © 2026 Accreditation Council for Graduate,2019-2020,observed,none,15,14,A
85,University of Iowa Health Care Medical Center Program © 2026 Accreditation Council for Graduate,2020-2021,observed,none,14,14,A
85,University of Iowa Health Care Medical Center Program © 2026 Accreditation Council for Graduate,2021-2022,observed,none,14,14,A
85,University of Iowa Health Care Medical Center Program © 2026 Accreditation Council for Graduate,2022-2023,observed,none,14,14,A
85,University of Iowa Health Care Medical Center Program © 2026 Accreditation Council for Graduate,2023-2024,observed,none,14,14,A
85,University of Iowa Health Care Medical Center Program © 2026 Accreditation Council for Graduate,2024-2025,observed,none,14,14,A
86,University of Kansas School of Medicine Program,2011-2012,observed,none,6,14,B
86,University of Kansas School of Medicine Program,2012-2013,observed,none,7,14,B
86,University of Kansas School of Medicine Program,2013-2014,observed,none,8,14,B
86,University of Kansas School of Medicine Program,2014-2015,observed,none,9,14,B
86,University of Kansas School of Medicine Program,2015-2016,observed,none,10,14,B
86,University of Kansas School of Medicine Program,2016-2017,observed,none,11,14,B
86,University of Kansas School of Medicine Program,2017-2018,observed,none,12,14,B
86,University of Kansas School of Medicine Program,2018-2019,observed,none,14,14,A
86,University of Kansas School of Medicine Program,2019-2020,observed,none,14,14,A
86,University of Kansas School of Medicine Program,2020-2021,observed,none,14,14,A
86,University of Kansas School of Medicine Program,2021-2022,observed,none,13,14,A
86,University of Kansas School of Medicine Program,2022-2023,observed,none,13,14,A
86,University of Kansas School of Medicine Program,2023-2024,observed,none,13,14,A
86,University of Kansas School of Medicine Program,2024-2025,observed,none,14,14,A
87,University of Kentucky College of Medicine Program,2011-2012,missing,low,0,14,C
87,University of Kentucky College of Medicine Program,2012-2013,observed,low,12,14,B
87,University of Kentucky College of Medicine Program,2013-2014,observed,low,12,14,B
87,University of Kentucky College of Medicine Program,2014-2015,observed,low,10,14,B
87,University of Kentucky College of Medicine Program,2015-2016,observed,none,12,14,B
87,University of Kentucky College of Medicine Program,2016-2017,observed,none,12,14,B
87,University of Kentucky College of Medicine Program,2017-2018,observed,none,13,14,A
87,University of Kentucky College of Medicine Program,2018-2019,observed,none,13,14,A
87,University of Kentucky College of Medicine Program,2019-2020,observed,none,14,14,A
87,University of Kentucky College of Medicine Program,2020-2021,observed,none,14,14,A
87,University of Kentucky College of Medicine Program,2021-2022,observed,none,14,14,A
87,University of Kentucky College of Medicine Program,2022-2023,observed,none,14,14,A
87,University of Kentucky College of Medicine Program,2023-2024,observed,none,14,14,A
87,University of Kentucky College of Medicine Program,2024-2025,observed,none,13,14,A
88,University of Louisville School of Medicine Program,2011-2012,reconstructed,low,6,14,B
88,University of Louisville School of Medicine Program,2012-2013,observed,low,7,14,B
88,University of Louisville School of Medicine Program,2013-2014,observed,low,6,14,B
88,University of Louisville School of Medicine Program,2014-2015,observed,none,7,14,B
88,University of Louisville School of Medicine Program,2015-2016,observed,none,7,14,B
88,University of Louisville School of Medicine Program,2016-2017,observed,none,8,14,B
88,University of Louisville School of Medicine Program,2017-2018,observed,none,10,14,B
88,University of Louisville School of Medicine Program,2018-2019,observed,none,12,14,B
88,University of Louisville School of Medicine Program,2019-2020,observed,none,14,14,A
88,University of Louisville School of Medicine Program,2020-2021,observed,none,14,14,A
88,University of Louisville School of Medicine Program,2021-2022,observed,none,14,14,A
88,University of Louisville School of Medicine Program,2022-2023,observed,none,13,14,A
88,University of Louisville School of Medicine Program,2023-2024,observed,low,13,14,A
88,University of Louisville School of Medicine Program,2024-2025,observed,none,12,14,B
89,University of Maryland Program,2011-2012,reconstructed,low,13,14,B
89,University of Maryland Program,2012-2013,reconstructed,low,13,14,B
89,University of Maryland Program,2013-2014,reconstructed,low,13,14,B
89,University of Maryland Program,2014-2015,observed,none,13,14,A
89,University of Maryland Program,2015-2016,reconstructed,low,14,14,B
89,University of Maryland Program,2016-2017,observed,none,14,14,A
89,University of Maryland Program,2017-2018,observed,none,14,14,A
89,University of Maryland Program,2018-2019,observed,none,14,14,A
89,University of Maryland Program,2019-2020,observed,none,14,14,A
89,University of Maryland Program,2020-2021,observed,none,14,14,A
89,University of Maryland Program,2021-2022,observed,none,14,14,A
89,University of Maryland Program,2022-2023,observed,none,14,14,A
89,University of Maryland Program,2023-2024,observed,none,14,14,A
89,University of Maryland Program,2024-2025,observed,none,13,14,A
90,University of Miami/Jackson Health System Program,2011-2012,reconstructed,low,18,21,B
90,University of Miami/Jackson Health System Program,2012-2013,reconstructed,low,19,21,B
90,University of Miami/Jackson Health System Program,2013-2014,reconstructed,low,20,21,B
90,University of Miami/Jackson Health System Program,2014-2015,observed,none,20,21,A
90,University of Miami/Jackson Health System Program,2015-2016,observed,none,20,21,A
90,University of Miami/Jackson Health System Program,2016-2017,observed,none,21,21,A
90,University of Miami/Jackson Health System Program,2017-2018,observed,none,21,21,A
90,University of Miami/Jackson Health System Program,2018-2019,observed,none,21,21,A
90,University of Miami/Jackson Health System Program,2019-2020,observed,none,21,21,A
90,University of Miami/Jackson Health System Program,2020-2021,observed,none,21,21,A
90,University of Miami/Jackson Health System Program,2021-2022,reconstructed,low,21,21,B
90,University of Miami/Jackson Health System Program,2022-2023,observed,none,21,21,A
90,University of Miami/Jackson Health System Program,2023-2024,reconstructed,low,19,21,B
90,University of Miami/Jackson Health System Program,2024-2025,observed,none,20,21,A
91,University of Michigan Program,2011-2012,not_audited,,12,,-
91,University of Michigan Program,2012-2013,not_audited,,15,,-
91,University of Michigan Program,2013-2014,not_audited,,16,,-
91,University of Michigan Program,2014-2015,not_audited,,17,,-
91,University of Michigan Program,2015-2016,not_audited,,18,,-
91,University of Michigan Program,2016-2017,not_audited,,18,,-
91,University of Michigan Program,2017-2018,not_audited,,18,,-
91,University of Michigan Program,2018-2019,not_audited,,18,,-
91,University of Michigan Program,2019-2020,not_audited,,18,,-
91,University of Michigan Program,2020-2021,not_audited,,18,,-
91,University of Michigan Program,2021-2022,not_audited,,18,,-
91,University of Michigan Program,2022-2023,not_audited,,18,,-
91,University of Michigan Program,2023-2024,not_audited,,18,,-
91,University of Michigan Program,2024-2025,not_audited,,18,,-
92,University of Minnesota Program,2011-2012,reconstructed,low,13,14,B
92,University of Minnesota Program,2012-2013,reconstructed,low,14,14,B
92,University of Minnesota Program,2013-2014,observed,none,14,14,A
92,University of Minnesota Program,2014-2015,reconstructed,low,13,14,B
92,University of Minnesota Program,2015-2016,observed,none,14,14,A
92,University of Minnesota Program,2016-2017,observed,none,14,14,A
92,University of Minnesota Program,2017-2018,observed,none,14,14,A
92,University of Minnesota Program,2018-2019,observed,none,14,14,A
92,University of Minnesota Program,2019-2020,observed,none,15,14,A
92,University of Minnesota Program,2020-2021,observed,none,14,14,A
92,University of Minnesota Program,2021-2022,observed,none,14,14,A
92,University of Minnesota Program,2022-2023,observed,none,14,14,A
92,University of Minnesota Program,2023-2024,observed,none,13,14,A
92,University of Minnesota Program,2024-2025,observed,none,14,14,A
93,University of Mississippi Medical Center Program © 2026 Accreditation Council for Graduate,2011-2012,reconstructed,low,9,14,B
93,University of Mississippi Medical Center Program © 2026 Accreditation Council for Graduate,2012-2013,reconstructed,low,7,14,B
93,University of Mississippi Medical Center Program © 2026 Accreditation Council for Graduate,2013-2014,observed,none,11,14,B
93,University of Mississippi Medical Center Program © 2026 Accreditation Council for Graduate,2014-2015,observed,none,10,14,B
93,University of Mississippi Medical Center Program © 2026 Accreditation Council for Graduate,2015-2016,observed,none,12,14,B
93,University of Mississippi Medical Center Program © 2026 Accreditation Council for Graduate,2016-2017,reconstructed,low,6,14,B
93,University of Mississippi Medical Center Program © 2026 Accreditation Council for Graduate,2017-2018,observed,none,9,14,B
93,University of Mississippi Medical Center Program © 2026 Accreditation Council for Graduate,2018-2019,observed,none,9,14,B
93,University of Mississippi Medical Center Program © 2026 Accreditation Council for Graduate,2019-2020,observed,none,11,14,B
93,University of Mississippi Medical Center Program © 2026 Accreditation Council for Graduate,2020-2021,observed,none,9,14,B
93,University of Mississippi Medical Center Program © 2026 Accreditation Council for Graduate,2021-2022,observed,none,11,14,B
93,University of Mississippi Medical Center Program © 2026 Accreditation Council for Graduate,2022-2023,observed,none,10,14,B
93,University of Mississippi Medical Center Program © 2026 Accreditation Council for Graduate,2023-2024,observed,none,11,14,B
93,University of Mississippi Medical Center Program © 2026 Accreditation Council for Graduate,2024-2025,observed,none,11,14,B
94,University of Missouri-Columbia Program,2011-2012,reconstructed,significant,2,7,C
94,University of Missouri-Columbia Program,2012-2013,reconstructed,significant,2,7,C
94,University of Missouri-Columbia Program,2013-2014,observed,none,7,7,A
94,University of Missouri-Columbia Program,2014-2015,observed,none,7,7,A
94,University of Missouri-Columbia Program,2015-2016,observed,none,7,7,A
94,University of Missouri-Columbia Program,2016-2017,observed,none,7,7,A
94,University of Missouri-Columbia Program,2017-2018,observed,none,7,7,A
94,University of Missouri-Columbia Program,2018-2019,reconstructed,low,8,7,B
94,University of Missouri-Columbia Program,2019-2020,observed,none,7,7,A
94,University of Missouri-Columbia Program,2020-2021,reconstructed,low,7,7,B
94,University of Missouri-Columbia Program,2021-2022,reconstructed,low,7,7,B
94,University of Missouri-Columbia Program,2022-2023,observed,none,7,7,A
94,University of Missouri-Columbia Program,2023-2024,observed,none,8,7,A
94,University of Missouri-Columbia Program,2024-2025,observed,none,8,7,A
95,University of Missouri-Kansas City School of Medicine Program,2011-2012,before_program,none,0,0,
95,University of Missouri-Kansas City School of Medicine Program,2012-2013,before_program,none,0,0,
95,University of Missouri-Kansas City School of Medicine Program,2013-2014,before_program,none,0,0,
95,University of Missouri-Kansas City School of Medicine Program,2014-2015,before_program,none,0,0,
95,University of Missouri-Kansas City School of Medicine Program,2015-2016,before_program,none,0,0,
95,University of Missouri-Kansas City School of Medicine Program,2016-2017,before_program,none,0,0,
95,University of Missouri-Kansas City School of Medicine Program,2017-2018,before_program,none,0,0,
95,University of Missouri-Kansas City School of Medicine Program,2018-2019,before_program,none,0,0,
95,University of Missouri-Kansas City School of Medicine Program,2019-2020,before_program,none,0,0,
95,University of Missouri-Kansas City School of Medicine Program,2020-2021,before_program,none,0,0,
95,University of Missouri-Kansas City School of Medicine Program,2021-2022,before_program,none,0,0,
95,University of Missouri-Kansas City School of Medicine Program,2022-2023,before_program,none,0,0,
95,University of Missouri-Kansas City School of Medicine Program,2023-2024,before_program,none,0,0,
95,University of Missouri-Kansas City School of Medicine Program,2024-2025,before_program,none,0,0,
96,University of Nebraska Medical Center College of Medicine Program,2011-2012,observed,none,8,14,B
96,University of Nebraska Medical Center College of Medicine Program,2012-2013,observed,none,10,14,B
96,University of Nebraska Medical Center College of Medicine Program,2013-2014,observed,none,11,14,B
96,University of Nebraska Medical Center College of Medicine Program,2014-2015,observed,none,11,14,B
96,University of Nebraska Medical Center College of Medicine Program,2015-2016,observed,none,11,14,B
96,University of Nebraska Medical Center College of Medicine Program,2016-2017,observed,none,12,14,B
96,University of Nebraska Medical Center College of Medicine Program,2017-2018,reconstructed,low,11,14,B
96,University of Nebraska Medical Center College of Medicine Program,2018-2019,reconstructed,low,11,14,B
96,University of Nebraska Medical Center College of Medicine Program,2019-2020,reconstructed,low,13,14,B
96,University of Nebraska Medical Center College of Medicine Program,2020-2021,observed,none,13,14,A
96,University of Nebraska Medical Center College of Medicine Program,2021-2022,reconstructed,none,14,14,B
96,University of Nebraska Medical Center College of Medicine Program,2022-2023,observed,none,14,14,A
96,University of Nebraska Medical Center College of Medicine Program,2023-2024,observed,none,13,14,A
96,University of Nebraska Medical Center College of Medicine Program,2024-2025,observed,none,13,14,A
97,University of New Mexico School of Medicine Program,2011-2012,reconstructed,low,3,7,B
97,University of New Mexico School of Medicine Program,2012-2013,observed,none,6,7,A
97,University of New Mexico School of Medicine Program,2013-2014,observed,none,7,7,A
97,University of New Mexico School of Medicine Program,2014-2015,observed,none,8,7,A
97,University of New Mexico School of Medicine Program,2015-2016,observed,none,9,7,A
97,University of New Mexico School of Medicine Program,2016-2017,observed,none,10,7,A
97,University of New Mexico School of Medicine Program,2017-2018,reconstructed,low,10,7,B
97,University of New Mexico School of Medicine Program,2018-2019,reconstructed,low,8,7,B
97,University of New Mexico School of Medicine Program,2019-2020,reconstructed,low,8,7,B
97,University of New Mexico School of Medicine Program,2020-2021,not_applicable,none,0,7,C
97,University of New Mexico School of Medicine Program,2021-2022,not_applicable,none,0,7,C
97,University of New Mexico School of Medicine Program,2022-2023,observed,none,1,7,B
97,University of New Mexico School of Medicine Program,2023-2024,reconstructed,low,1,7,B
97,University of New Mexico School of Medicine Program,2024-2025,observed,none,4,7,B
98,University of North Carolina Hospitals Program,2011-2012,observed,none,9,14,B
98,University of North Carolina Hospitals Program,2012-2013,observed,none,10,14,B
98,University of North Carolina Hospitals Program,2013-2014,observed,none,10,14,B
98,University of North Carolina Hospitals Program,2014-2015,observed,none,11,14,B
98,University of North Carolina Hospitals Program,2015-2016,observed,none,12,14,B
98,University of North Carolina Hospitals Program,2016-2017,observed,low,12,14,B
98,University of North Carolina Hospitals Program,2017-2018,observed,none,11,14,B
98,University of North Carolina Hospitals Program,2018-2019,observed,none,12,14,B
98,University of North Carolina Hospitals Program,2019-2020,observed,none,14,14,A
98,University of North Carolina Hospitals Program,2020-2021,observed,none,14,14,A
98,University of North Carolina Hospitals Program,2021-2022,observed,none,14,14,A
98,University of North Carolina Hospitals Program,2022-2023,observed,none,14,14,A
98,University of North Carolina Hospitals Program,2023-2024,observed,none,14,14,A
98,University of North Carolina Hospitals Program,2024-2025,observed,none,14,14,A
99,University of Oklahoma Health Sciences Center Program,2011-2012,observed,low,7,14,B
99,University of Oklahoma Health Sciences Center Program,2012-2013,reconstructed,low,7,14,B
99,University of Oklahoma Health Sciences Center Program,2013-2014,observed,none,7,14,B
99,University of Oklahoma Health Sciences Center Program,2014-2015,reconstructed,low,7,14,B
99,University of Oklahoma Health Sciences Center Program,2015-2016,observed,none,7,14,B
99,University of Oklahoma Health Sciences Center Program,2016-2017,reconstructed,low,7,14,B
99,University of Oklahoma Health Sciences Center Program,2017-2018,observed,none,8,14,B
99,University of Oklahoma Health Sciences Center Program,2018-2019,observed,none,9,14,B
99,University of Oklahoma Health Sciences Center Program,2019-2020,observed,none,9,14,B
99,University of Oklahoma Health Sciences Center Program,2020-2021,observed,none,11,14,B
99,University of Oklahoma Health Sciences Center Program,2021-2022,observed,none,10,14,B
99,University of Oklahoma Health Sciences Center Program,2022-2023,observed,none,11,14,B
99,University of Oklahoma Health Sciences Center Program,2023-2024,observed,none,12,14,B
99,University of Oklahoma Health Sciences Center Program,2024-2025,observed,none,13,14,A
100,University of Pennsylvania Health System Program,2011-2012,not_audited,,20,,-
100,University of Pennsylvania Health System Program,2012-2013,not_audited,,21,,-
100,University of Pennsylvania Health System Program,2013-2014,not_audited,,21,,-
100,University of Pennsylvania Health System Program,2014-2015,not_audited,,21,,-
100,University of Pennsylvania Health System Program,2015-2016,not_audited,,21,,-
100,University of Pennsylvania Health System Program,2016-2017,not_audited,,21,,-
100,University of Pennsylvania Health System Program,2017-2018,not_audited,,21,,-
100,University of Pennsylvania Health System Program,2018-2019,not_audited,,21,,-
100,University of Pennsylvania Health System Program,2019-2020,not_audited,,21,,-
100,University of Pennsylvania Health System Program,2020-2021,not_audited,,21,,-
100,University of Pennsylvania Health System Program,2021-2022,not_audited,,21,,-
100,University of Pennsylvania Health System Program,2022-2023,not_audited,,21,,-
100,University of Pennsylvania Health System Program,2023-2024,not_audited,,21,,-
100,University of Pennsylvania Health System Program,2024-2025,not_audited,,21,,-
101,University of Puerto Rico School of Medicine Program,2011-2012,before_program,significant,2,0,
101,University of Puerto Rico School of Medicine Program,2012-2013,before_program,significant,4,0,
101,University of Puerto Rico School of Medicine Program,2013-2014,before_program,significant,5,0,
101,University of Puerto Rico School of Medicine Program,2014-2015,before_program,significant,7,0,
101,University of Puerto Rico School of Medicine Program,2015-2016,before_program,significant,9,0,
101,University of Puerto Rico School of Medicine Program,2016-2017,before_program,significant,9,0,
101,University of Puerto Rico School of Medicine Program,2017-2018,before_program,low,10,0,
101,University of Puerto Rico School of Medicine Program,2018-2019,before_program,low,11,0,
101,University of Puerto Rico School of Medicine Program,2019-2020,before_program,low,10,0,
101,University of Puerto Rico School of Medicine Program,2020-2021,before_program,low,9,0,
101,University of Puerto Rico School of Medicine Program,2021-2022,before_program,low,0,0,
101,University of Puerto Rico School of Medicine Program,2022-2023,before_program,none,0,0,
101,University of Puerto Rico School of Medicine Program,2023-2024,before_program,none,0,0,
101,University of Puerto Rico School of Medicine Program,2024-2025,before_program,none,0,0,
102,University of Rochester Medicine Program © 2026 Accreditation Council for Graduate,2011-2012,observed,none,13,14,A
102,University of Rochester Medicine Program © 2026 Accreditation Council for Graduate,2012-2013,observed,none,13,14,A
102,University of Rochester Medicine Program © 2026 Accreditation Council for Graduate,2013-2014,observed,none,14,14,A
102,University of Rochester Medicine Program © 2026 Accreditation Council for Graduate,2014-2015,observed,none,13,14,A
102,University of Rochester Medicine Program © 2026 Accreditation Council for Graduate,2015-2016,observed,none,12,14,B
102,University of Rochester Medicine Program © 2026 Accreditation Council for Graduate,2016-2017,observed,none,13,14,A
102,University of Rochester Medicine Program © 2026 Accreditation Council for Graduate,2017-2018,observed,none,13,14,A
102,University of Rochester Medicine Program © 2026 Accreditation Council for Graduate,2018-2019,observed,none,14,14,A
102,University of Rochester Medicine Program © 2026 Accreditation Council for Graduate,2019-2020,observed,none,13,14,A
102,University of Rochester Medicine Program © 2026 Accreditation Council for Graduate,2020-2021,observed,none,13,14,A
102,University of Rochester Medicine Program © 2026 Accreditation Council for Graduate,2021-2022,observed,none,13,14,A
102,University of Rochester Medicine Program © 2026 Accreditation Council for Graduate,2022-2023,observed,none,13,14,A
102,University of Rochester Medicine Program © 2026 Accreditation Council for Graduate,2023-2024,observed,none,13,14,A
102,University of Rochester Medicine Program © 2026 Accreditation Council for Graduate,2024-2025,observed,none,14,14,A
103,University of South Florida Morsani Program,2011-2012,observed,low,15,14,A
103,University of South Florida Morsani Program,2012-2013,observed,none,15,14,A
103,University of South Florida Morsani Program,2013-2014,observed,none,15,14,A
103,University of South Florida Morsani Program,2014-2015,observed,none,15,14,A
103,University of South Florida Morsani Program,2015-2016,observed,none,14,14,A
103,University of South Florida Morsani Program,2016-2017,observed,none,15,14,A
103,University of South Florida Morsani Program,2017-2018,observed,none,15,14,A
103,University of South Florida Morsani Program,2018-2019,observed,none,15,14,A
103,University of South Florida Morsani Program,2019-2020,observed,low,14,14,A
103,University of South Florida Morsani Program,2020-2021,observed,none,15,14,A
103,University of South Florida Morsani Program,2021-2022,observed,none,16,14,A
103,University of South Florida Morsani Program,2022-2023,observed,none,15,14,A
103,University of South Florida Morsani Program,2023-2024,observed,none,15,14,A
103,University of South Florida Morsani Program,2024-2025,observed,none,14,14,A
104,University of Southern California/Los Angeles General Medical Center (USC/LA General) Program,2011-2012,observed,,14,21,B
104,University of Southern California/Los Angeles General Medical Center (USC/LA General) Program,2012-2013,observed,,13,21,B
104,University of Southern California/Los Angeles General Medical Center (USC/LA General) Program,2013-2014,reconstructed,,16,21,B
104,University of Southern California/Los Angeles General Medical Center (USC/LA General) Program,2014-2015,observed,,17,21,B
104,University of Southern California/Los Angeles General Medical Center (USC/LA General) Program,2015-2016,observed,,18,21,B
104,University of Southern California/Los Angeles General Medical Center (USC/LA General) Program,2016-2017,observed,,18,21,B
104,University of Southern California/Los Angeles General Medical Center (USC/LA General) Program,2017-2018,observed,,19,21,B
104,University of Southern California/Los Angeles General Medical Center (USC/LA General) Program,2018-2019,reconstructed,,20,21,B
104,University of Southern California/Los Angeles General Medical Center (USC/LA General) Program,2019-2020,observed,,21,21,A
104,University of Southern California/Los Angeles General Medical Center (USC/LA General) Program,2020-2021,observed,,21,21,A
104,University of Southern California/Los Angeles General Medical Center (USC/LA General) Program,2021-2022,observed,,21,21,A
104,University of Southern California/Los Angeles General Medical Center (USC/LA General) Program,2022-2023,observed,,21,21,A
104,University of Southern California/Los Angeles General Medical Center (USC/LA General) Program,2023-2024,observed,,21,21,A
104,University of Southern California/Los Angeles General Medical Center (USC/LA General) Program,2024-2025,observed,,21,21,A
105,University of Tennessee College of Medicine Program,2011-2012,reconstructed,low,12,21,B
105,University of Tennessee College of Medicine Program,2012-2013,observed,none,12,21,B
105,University of Tennessee College of Medicine Program,2013-2014,observed,none,12,21,B
105,University of Tennessee College of Medicine Program,2014-2015,observed,none,13,21,B
105,University of Tennessee College of Medicine Program,2015-2016,observed,none,13,21,B
105,University of Tennessee College of Medicine Program,2016-2017,observed,none,12,21,B
105,University of Tennessee College of Medicine Program,2017-2018,observed,none,13,21,B
105,University of Tennessee College of Medicine Program,2018-2019,observed,none,13,21,B
105,University of Tennessee College of Medicine Program,2019-2020,observed,none,15,21,B
105,University of Tennessee College of Medicine Program,2020-2021,observed,none,16,21,B
105,University of Tennessee College of Medicine Program,2021-2022,observed,none,15,21,B
105,University of Tennessee College of Medicine Program,2022-2023,observed,none,16,21,B
105,University of Tennessee College of Medicine Program,2023-2024,observed,none,17,21,B
105,University of Tennessee College of Medicine Program,2024-2025,observed,none,19,21,B
106,University of Texas at Austin Dell Medical School Program,2011-2012,before_program,,0,0,
106,University of Texas at Austin Dell Medical School Program,2012-2013,before_program,,0,0,
106,University of Texas at Austin Dell Medical School Program,2013-2014,before_program,,0,0,
106,University of Texas at Austin Dell Medical School Program,2014-2015,before_program,,0,0,
106,University of Texas at Austin Dell Medical School Program,2015-2016,before_program,,0,0,
106,University of Texas at Austin Dell Medical School Program,2016-2017,before_program,,0,0,
106,University of Texas at Austin Dell Medical School Program,2017-2018,before_program,,0,0,
106,University of Texas at Austin Dell Medical School Program,2018-2019,before_program,,0,0,
106,University of Texas at Austin Dell Medical School Program,2019-2020,before_program,,0,0,
106,University of Texas at Austin Dell Medical School Program,2020-2021,before_program,,0,0,
106,University of Texas at Austin Dell Medical School Program,2021-2022,before_program,,0,0,
106,University of Texas at Austin Dell Medical School Program,2022-2023,reconstructed,none,1,1,B
106,University of Texas at Austin Dell Medical School Program,2023-2024,reconstructed,none,2,2,B
106,University of Texas at Austin Dell Medical School Program,2024-2025,observed,none,3,3,A
107,University of Texas Health Science Center at Houston Program,2011-2012,observed,none,9,21,B
107,University of Texas Health Science Center at Houston Program,2012-2013,observed,none,10,21,B
107,University of Texas Health Science Center at Houston Program,2013-2014,observed,none,13,21,B
107,University of Texas Health Science Center at Houston Program,2014-2015,observed,none,15,21,B
107,University of Texas Health Science Center at Houston Program,2015-2016,observed,none,15,21,B
107,University of Texas Health Science Center at Houston Program,2016-2017,reconstructed,low,16,21,B
107,University of Texas Health Science Center at Houston Program,2017-2018,observed,none,18,21,B
107,University of Texas Health Science Center at Houston Program,2018-2019,observed,none,17,21,B
107,University of Texas Health Science Center at Houston Program,2019-2020,reconstructed,low,17,21,B
107,University of Texas Health Science Center at Houston Program,2020-2021,reconstructed,low,18,21,B
107,University of Texas Health Science Center at Houston Program,2021-2022,observed,none,20,21,A
107,University of Texas Health Science Center at Houston Program,2022-2023,observed,none,20,21,A
107,University of Texas Health Science Center at Houston Program,2023-2024,observed,none,20,21,A
107,University of Texas Health Science Center at Houston Program,2024-2025,observed,none,20,21,A
108,University of Texas Health Science Center San Antonio Joe and Teresa Lozano Long School of Medicine Program,2011-2012,reconstructed,low,10,21,B
108,University of Texas Health Science Center San Antonio Joe and Teresa Lozano Long School of Medicine Program,2012-2013,observed,none,13,21,B
108,University of Texas Health Science Center San Antonio Joe and Teresa Lozano Long School of Medicine Program,2013-2014,observed,none,14,21,B
108,University of Texas Health Science Center San Antonio Joe and Teresa Lozano Long School of Medicine Program,2014-2015,observed,none,15,21,B
108,University of Texas Health Science Center San Antonio Joe and Teresa Lozano Long School of Medicine Program,2015-2016,observed,none,15,21,B
108,University of Texas Health Science Center San Antonio Joe and Teresa Lozano Long School of Medicine Program,2016-2017,observed,none,17,21,B
108,University of Texas Health Science Center San Antonio Joe and Teresa Lozano Long School of Medicine Program,2017-2018,observed,none,16,21,B
108,University of Texas Health Science Center San Antonio Joe and Teresa Lozano Long School of Medicine Program,2018-2019,observed,none,17,21,B
108,University of Texas Health Science Center San Antonio Joe and Teresa Lozano Long School of Medicine Program,2019-2020,observed,none,15,21,B
108,University of Texas Health Science Center San Antonio Joe and Teresa Lozano Long School of Medicine Program,2020-2021,observed,none,17,21,B
108,University of Texas Health Science Center San Antonio Joe and Teresa Lozano Long School of Medicine Program,2021-2022,observed,none,17,21,B
108,University of Texas Health Science Center San Antonio Joe and Teresa Lozano Long School of Medicine Program,2022-2023,observed,low,17,21,B
108,University of Texas Health Science Center San Antonio Joe and Teresa Lozano Long School of Medicine Program,2023-2024,reconstructed,low,16,21,B
108,University of Texas Health Science Center San Antonio Joe and Teresa Lozano Long School of Medicine Program,2024-2025,observed,none,16,21,B
109,University of Texas Medical Branch Hospitals Program,2011-2012,observed,low,7,14,B
109,University of Texas Medical Branch Hospitals Program,2012-2013,observed,none,6,14,B
109,University of Texas Medical Branch Hospitals Program,2013-2014,observed,low,4,14,B
109,University of Texas Medical Branch Hospitals Program,2014-2015,observed,none,6,14,B
109,University of Texas Medical Branch Hospitals Program,2015-2016,observed,none,6,14,B
109,University of Texas Medical Branch Hospitals Program,2016-2017,observed,none,7,14,B
109,University of Texas Medical Branch Hospitals Program,2017-2018,observed,none,7,14,B
109,University of Texas Medical Branch Hospitals Program,2018-2019,reconstructed,low,6,14,B
109,University of Texas Medical Branch Hospitals Program,2019-2020,observed,none,7,14,B
109,University of Texas Medical Branch Hospitals Program,2020-2021,observed,none,7,14,B
109,University of Texas Medical Branch Hospitals Program,2021-2022,observed,none,7,14,B
109,University of Texas Medical Branch Hospitals Program,2022-2023,reconstructed,low,6,14,B
109,University of Texas Medical Branch Hospitals Program,2023-2024,observed,none,7,14,B
109,University of Texas Medical Branch Hospitals Program,2024-2025,observed,none,8,14,B
110,University of Texas Southwestern Medical Center Program © 2026 Accreditation Council for Graduate,2011-2012,observed,none,14,21,B
110,University of Texas Southwestern Medical Center Program © 2026 Accreditation Council for Graduate,2012-2013,reconstructed,low,15,21,B
110,University of Texas Southwestern Medical Center Program © 2026 Accreditation Council for Graduate,2013-2014,observed,none,15,21,B
110,University of Texas Southwestern Medical Center Program © 2026 Accreditation Council for Graduate,2014-2015,observed,none,15,21,B
110,University of Texas Southwestern Medical Center Program © 2026 Accreditation Council for Graduate,2015-2016,observed,none,17,21,B
110,University of Texas Southwestern Medical Center Program © 2026 Accreditation Council for Graduate,2016-2017,observed,none,16,21,B
110,University of Texas Southwestern Medical Center Program © 2026 Accreditation Council for Graduate,2017-2018,observed,none,18,21,B
110,University of Texas Southwestern Medical Center Program © 2026 Accreditation Council for Graduate,2018-2019,reconstructed,low,19,21,B
110,University of Texas Southwestern Medical Center Program © 2026 Accreditation Council for Graduate,2019-2020,observed,none,18,21,B
110,University of Texas Southwestern Medical Center Program © 2026 Accreditation Council for Graduate,2020-2021,observed,none,18,21,B
110,University of Texas Southwestern Medical Center Program © 2026 Accreditation Council for Graduate,2021-2022,observed,none,19,21,B
110,University of Texas Southwestern Medical Center Program © 2026 Accreditation Council for Graduate,2022-2023,observed,none,18,21,B
110,University of Texas Southwestern Medical Center Program © 2026 Accreditation Council for Graduate,2023-2024,observed,none,18,21,B
110,University of Texas Southwestern Medical Center Program © 2026 Accreditation Council for Graduate,2024-2025,observed,none,18,21,B
111,University of Utah Health Program,2011-2012,observed,none,13,21,B
111,University of Utah Health Program,2012-2013,reconstructed,significant,12,21,C
111,University of Utah Health Program,2013-2014,reconstructed,low,12,21,B
111,University of Utah Health Program,2014-2015,observed,none,14,21,B
111,University of Utah Health Program,2015-2016,observed,none,14,21,B
111,University of Utah Health Program,2016-2017,observed,none,15,21,B
111,University of Utah Health Program,2017-2018,observed,none,15,21,B
111,University of Utah Health Program,2018-2019,reconstructed,low,14,21,B
111,University of Utah Health Program,2019-2020,observed,none,15,21,B
111,University of Utah Health Program,2020-2021,observed,none,16,21,B
111,University of Utah Health Program,2021-2022,reconstructed,low,16,21,B
111,University of Utah Health Program,2022-2023,observed,none,17,21,B
111,University of Utah Health Program,2023-2024,observed,none,17,21,B
111,University of Utah Health Program,2024-2025,observed,none,18,21,B
112,University of Vermont Medical Center Program,2011-2012,observed,none,7,7,A
112,University of Vermont Medical Center Program,2012-2013,reconstructed,low,7,7,B
112,University of Vermont Medical Center Program,2013-2014,reconstructed,low,6,7,B
112,University of Vermont Medical Center Program,2014-2015,observed,none,7,7,A
112,University of Vermont Medical Center Program,2015-2016,observed,none,7,7,A
112,University of Vermont Medical Center Program,2016-2017,reconstructed,significant,5,7,C
112,University of Vermont Medical Center Program,2017-2018,reconstructed,significant,4,7,C
112,University of Vermont Medical Center Program,2018-2019,reconstructed,significant,5,7,C
112,University of Vermont Medical Center Program,2019-2020,reconstructed,low,6,7,B
112,University of Vermont Medical Center Program,2020-2021,observed,none,7,7,A
112,University of Vermont Medical Center Program,2021-2022,observed,none,8,7,A
112,University of Vermont Medical Center Program,2022-2023,observed,none,7,7,A
112,University of Vermont Medical Center Program,2023-2024,observed,none,7,7,A
112,University of Vermont Medical Center Program,2024-2025,observed,low,6,7,A
113,University of Virginia Medical Center Program,2011-2012,observed,low,17,21,B
113,University of Virginia Medical Center Program,2012-2013,observed,low,17,21,B
113,University of Virginia Medical Center Program,2013-2014,observed,low,16,21,B
113,University of Virginia Medical Center Program,2014-2015,observed,none,17,21,B
113,University of Virginia Medical Center Program,2015-2016,observed,none,18,21,B
113,University of Virginia Medical Center Program,2016-2017,observed,low,16,21,B
113,University of Virginia Medical Center Program,2017-2018,observed,none,18,21,B
113,University of Virginia Medical Center Program,2018-2019,observed,none,18,21,B
113,University of Virginia Medical Center Program,2019-2020,observed,none,17,21,B
113,University of Virginia Medical Center Program,2020-2021,observed,none,16,21,B
113,University of Virginia Medical Center Program,2021-2022,observed,low,16,21,B
113,University of Virginia Medical Center Program,2022-2023,observed,none,16,21,B
113,University of Virginia Medical Center Program,2023-2024,observed,none,17,21,B
113,University of Virginia Medical Center Program,2024-2025,observed,none,18,21,B
114,University of Washington Program,2011-2012,reconstructed,low,17,21,B
114,University of Washington Program,2012-2013,observed,none,18,21,B
114,University of Washington Program,2013-2014,observed,none,18,21,B
114,University of Washington Program,2014-2015,observed,none,19,21,B
114,University of Washington Program,2015-2016,observed,none,20,21,A
114,University of Washington Program,2016-2017,observed,none,21,21,A
114,University of Washington Program,2017-2018,reconstructed,low,20,21,B
114,University of Washington Program,2018-2019,reconstructed,low,21,21,B
114,University of Washington Program,2019-2020,observed,none,21,21,A
114,University of Washington Program,2020-2021,observed,none,21,21,A
114,University of Washington Program,2021-2022,observed,none,21,21,A
114,University of Washington Program,2022-2023,observed,none,21,21,A
114,University of Washington Program,2023-2024,reconstructed,low,22,21,B
114,University of Washington Program,2024-2025,reconstructed,low,22,21,B
115,University of Wisconsin Hospitals and Clinics Program,2011-2012,observed,none,14,14,A
115,University of Wisconsin Hospitals and Clinics Program,2012-2013,observed,none,14,14,A
115,University of Wisconsin Hospitals and Clinics Program,2013-2014,reconstructed,significant,13,14,C
115,University of Wisconsin Hospitals and Clinics Program,2014-2015,observed,none,14,14,A
115,University of Wisconsin Hospitals and Clinics Program,2015-2016,observed,none,14,14,A
115,University of Wisconsin Hospitals and Clinics Program,2016-2017,observed,none,14,14,A
115,University of Wisconsin Hospitals and Clinics Program,2017-2018,observed,none,14,14,A
115,University of Wisconsin Hospitals and Clinics Program,2018-2019,observed,none,14,14,A
115,University of Wisconsin Hospitals and Clinics Program,2019-2020,observed,none,14,14,A
115,University of Wisconsin Hospitals and Clinics Program,2020-2021,observed,none,15,14,A
115,University of Wisconsin Hospitals and Clinics Program,2021-2022,observed,none,14,14,A
115,University of Wisconsin Hospitals and Clinics Program,2022-2023,observed,none,14,14,A
115,University of Wisconsin Hospitals and Clinics Program,2023-2024,observed,none,15,14,A
115,University of Wisconsin Hospitals and Clinics Program,2024-2025,observed,none,16,14,A
116,UPMC Medical Education Program,2011-2012,not_audited,,20,,-
116,UPMC Medical Education Program,2012-2013,not_audited,,21,,-
116,UPMC Medical Education Program,2013-2014,not_audited,,23,,-
116,UPMC Medical Education Program,2014-2015,not_audited,,25,,-
116,UPMC Medical Education Program,2015-2016,not_audited,,25,,-
116,UPMC Medical Education Program,2016-2017,not_audited,,28,,-
116,UPMC Medical Education Program,2017-2018,not_audited,,29,,-
116,UPMC Medical Education Program,2018-2019,not_audited,,28,,-
116,UPMC Medical Education Program,2019-2020,not_audited,,28,,-
116,UPMC Medical Education Program,2020-2021,not_audited,,28,,-
116,UPMC Medical Education Program,2021-2022,not_audited,,29,,-
116,UPMC Medical Education Program,2022-2023,not_audited,,29,,-
116,UPMC Medical Education Program,2023-2024,not_audited,,29,,-
116,UPMC Medical Education Program,2024-2025,not_audited,,28,,-
117,Vanderbilt University Medical Center Program,2011-2012,missing,low,0,21,C
117,Vanderbilt University Medical Center Program,2012-2013,observed,none,16,21,B
117,Vanderbilt University Medical Center Program,2013-2014,observed,none,17,21,B
117,Vanderbilt University Medical Center Program,2014-2015,observed,none,17,21,B
117,Vanderbilt University Medical Center Program,2015-2016,observed,none,18,21,B
117,Vanderbilt University Medical Center Program,2016-2017,observed,none,19,21,B
117,Vanderbilt University Medical Center Program,2017-2018,observed,none,19,21,B
117,Vanderbilt University Medical Center Program,2018-2019,observed,none,20,21,A
117,Vanderbilt University Medical Center Program,2019-2020,observed,none,20,21,A
117,Vanderbilt University Medical Center Program,2020-2021,observed,none,21,21,A
117,Vanderbilt University Medical Center Program,2021-2022,observed,none,21,21,A
117,Vanderbilt University Medical Center Program,2022-2023,observed,none,21,21,A
117,Vanderbilt University Medical Center Program,2023-2024,observed,none,21,21,A
117,Vanderbilt University Medical Center Program,2024-2025,observed,none,21,21,A
118,Virginia Commonwealth University Health System Program,2011-2012,observed,none,13,14,A
118,Virginia Commonwealth University Health System Program,2012-2013,observed,none,12,14,B
118,Virginia Commonwealth University Health System Program,2013-2014,observed,none,13,14,A
118,Virginia Commonwealth University Health System Program,2014-2015,observed,none,14,14,A
118,Virginia Commonwealth University Health System Program,2015-2016,observed,none,16,14,A
118,Virginia Commonwealth University Health System Program,2016-2017,observed,low,15,14,A
118,Virginia Commonwealth University Health System Program,2017-2018,observed,none,15,14,A
118,Virginia Commonwealth University Health System Program,2018-2019,observed,none,13,14,A
118,Virginia Commonwealth University Health System Program,2019-2020,reconstructed,low,12,14,B
118,Virginia Commonwealth University Health System Program,2020-2021,reconstructed,low,10,14,B
118,Virginia Commonwealth University Health System Program,2021-2022,reconstructed,low,9,14,B
118,Virginia Commonwealth University Health System Program,2022-2023,observed,none,14,14,A
118,Virginia Commonwealth University Health System Program,2023-2024,observed,none,14,14,A
118,Virginia Commonwealth University Health System Program,2024-2025,observed,none,14,14,A
119,Wake Forest University Baptist Medical Center Program © 2026 Accreditation Council for Graduate,2011-2012,observed,none,12,14,B
119,Wake Forest University Baptist Medical Center Program © 2026 Accreditation Council for Graduate,2012-2013,observed,none,12,14,B
119,Wake Forest University Baptist Medical Center Program © 2026 Accreditation Council for Graduate,2013-2014,observed,none,12,14,B
119,Wake Forest University Baptist Medical Center Program © 2026 Accreditation Council for Graduate,2014-2015,observed,none,12,14,B
119,Wake Forest University Baptist Medical Center Program © 2026 Accreditation Council for Graduate,2015-2016,observed,none,12,14,B
119,Wake Forest University Baptist Medical Center Program © 2026 Accreditation Council for Graduate,2016-2017,observed,none,12,14,B
119,Wake Forest University Baptist Medical Center Program © 2026 Accreditation Council for Graduate,2017-2018,observed,none,13,14,A
119,Wake Forest University Baptist Medical Center Program © 2026 Accreditation Council for Graduate,2018-2019,reconstructed,low,12,14,B
119,Wake Forest University Baptist Medical Center Program © 2026 Accreditation Council for Graduate,2019-2020,observed,none,14,14,A
119,Wake Forest University Baptist Medical Center Program © 2026 Accreditation Council for Graduate,2020-2021,observed,low,13,14,A
119,Wake Forest University Baptist Medical Center Program © 2026 Accreditation Council for Graduate,2021-2022,observed,low,14,14,A
119,Wake Forest University Baptist Medical Center Program © 2026 Accreditation Council for Graduate,2022-2023,observed,low,14,14,A
119,Wake Forest University Baptist Medical Center Program © 2026 Accreditation Council for Graduate,2023-2024,observed,low,14,14,A
119,Wake Forest University Baptist Medical Center Program © 2026 Accreditation Council for Graduate,2024-2025,observed,low,14,14,A
120,Washington University/B-JH/SLCH Consortium Program,2011-2012,not_audited,,18,,-
120,Washington University/B-JH/SLCH Consortium Program,2012-2013,not_audited,,19,,-
120,Washington University/B-JH/SLCH Consortium Program,2013-2014,not_audited,,20,,-
120,Washington University/B-JH/SLCH Consortium Program,2014-2015,not_audited,,21,,-
120,Washington University/B-JH/SLCH Consortium Program,2015-2016,not_audited,,21,,-
120,Washington University/B-JH/SLCH Consortium Program,2016-2017,not_audited,,21,,-
120,Washington University/B-JH/SLCH Consortium Program,2017-2018,not_audited,,21,,-
120,Washington University/B-JH/SLCH Consortium Program,2018-2019,not_audited,,21,,-
120,Washington University/B-JH/SLCH Consortium Program,2019-2020,not_audited,,21,,-
120,Washington University/B-JH/SLCH Consortium Program,2020-2021,not_audited,,21,,-
120,Washington University/B-JH/SLCH Consortium Program,2021-2022,not_audited,,21,,-
120,Washington University/B-JH/SLCH Consortium Program,2022-2023,not_audited,,21,,-
120,Washington University/B-JH/SLCH Consortium Program,2023-2024,not_audited,,21,,-
120,Washington University/B-JH/SLCH Consortium Program,2024-2025,not_audited,,21,,-
121,West Virginia University Program,2011-2012,observed,none,6,14,B
121,West Virginia University Program,2012-2013,reconstructed,low,6,14,B
121,West Virginia University Program,2013-2014,observed,low,5,14,B
121,West Virginia University Program,2014-2015,observed,none,7,14,B
121,West Virginia University Program,2015-2016,observed,none,7,14,B
121,West Virginia University Program,2016-2017,observed,none,7,14,B
121,West Virginia University Program,2017-2018,observed,none,7,14,B
121,West Virginia University Program,2018-2019,observed,none,8,14,B
121,West Virginia University Program,2019-2020,observed,none,8,14,B
121,West Virginia University Program,2020-2021,observed,none,8,14,B
121,West Virginia University Program,2021-2022,observed,none,7,14,B
121,West Virginia University Program,2022-2023,observed,none,7,14,B
121,West Virginia University Program,2023-2024,observed,none,7,14,B
121,West Virginia University Program,2024-2025,observed,none,8,14,B
122,Westchester Medical Center Program,2011-2012,observed,none,7,14,B
122,Westchester Medical Center Program,2012-2013,reconstructed,low,6,14,B
122,Westchester Medical Center Program,2013-2014,observed,none,7,14,B
122,Westchester Medical Center Program,2014-2015,observed,none,7,14,B
122,Westchester Medical Center Program,2015-2016,observed,none,7,14,B
122,Westchester Medical Center Program,2016-2017,reconstructed,low,7,14,B
122,Westchester Medical Center Program,2017-2018,observed,none,8,14,B
122,Westchester Medical Center Program,2018-2019,reconstructed,low,6,14,B
122,Westchester Medical Center Program,2019-2020,observed,none,8,14,B
122,Westchester Medical Center Program,2020-2021,observed,none,9,14,B
122,Westchester Medical Center Program,2021-2022,observed,none,9,14,B
122,Westchester Medical Center Program,2022-2023,observed,none,10,14,B
122,Westchester Medical Center Program,2023-2024,observed,none,11,14,B
122,Westchester Medical Center Program,2024-2025,reconstructed,significant,9,14,C
123,Yale-New Haven Medical Center Program,2011-2012,observed,none,14,14,A
123,Yale-New Haven Medical Center Program,2012-2013,observed,none,14,14,A
123,Yale-New Haven Medical Center Program,2013-2014,observed,none,14,14,A
123,Yale-New Haven Medical Center Program,2014-2015,observed,none,13,14,A
123,Yale-New Haven Medical Center Program,2015-2016,observed,none,13,14,A
123,Yale-New Haven Medical Center Program,2016-2017,observed,none,13,14,A
123,Yale-New Haven Medical Center Program,2017-2018,observed,none,13,14,A
123,Yale-New Haven Medical Center Program,2018-2019,observed,none,14,14,A
123,Yale-New Haven Medical Center Program,2019-2020,observed,none,14,14,A
123,Yale-New Haven Medical Center Program,2020-2021,reconstructed,low,14,14,B
123,Yale-New Haven Medical Center Program,2021-2022,observed,none,14,14,A
123,Yale-New Haven Medical Center Program,2022-2023,observed,none,14,14,A
123,Yale-New Haven Medical Center Program,2023-2024,observed,none,14,14,A
123,Yale-New Haven Medical Center Program,2024-2025,observed,none,14,14,A
124,Zucker School of Medicine at Hofstra/Northwell Program 124 programs found. © 2026 Accreditation Council for Graduate,2011-2012,reconstructed,low,9,14,B
124,Zucker School of Medicine at Hofstra/Northwell Program 124 programs found. © 2026 Accreditation Council for Graduate,2012-2013,reconstructed,low,10,14,B
124,Zucker School of Medicine at Hofstra/Northwell Program 124 programs found. © 2026 Accreditation Council for Graduate,2013-2014,observed,none,12,14,B
124,Zucker School of Medicine at Hofstra/Northwell Program 124 programs found. © 2026 Accreditation Council for Graduate,2014-2015,observed,none,12,14,B
124,Zucker School of Medicine at Hofstra/Northwell Program 124 programs found. © 2026 Accreditation Council for Graduate,2015-2016,reconstructed,none,12,14,B
124,Zucker School of Medicine at Hofstra/Northwell Program 124 programs found. © 2026 Accreditation Council for Graduate,2016-2017,observed,none,12,14,B
124,Zucker School of Medicine at Hofstra/Northwell Program 124 programs found. © 2026 Accreditation Council for Graduate,2017-2018,observed,none,14,14,A
124,Zucker School of Medicine at Hofstra/Northwell Program 124 programs found. © 2026 Accreditation Council for Graduate,2018-2019,reconstructed,low,13,14,B
124,Zucker School of Medicine at Hofstra/Northwell Program 124 programs found. © 2026 Accreditation Council for Graduate,2019-2020,reconstructed,none,14,14,B
124,Zucker School of Medicine at Hofstra/Northwell Program 124 programs found. © 2026 Accreditation Council for Graduate,2020-2021,observed,none,15,14,A
124,Zucker School of Medicine at Hofstra/Northwell Program 124 programs found. © 2026 Accreditation Council for Graduate,2021-2022,observed,none,15,14,A
124,Zucker School of Medicine at Hofstra/Northwell Program 124 programs found. © 2026 Accreditation Council for Graduate,2022-2023,reconstructed,none,16,14,B
124,Zucker School of Medicine at Hofstra/Northwell Program 124 programs found. © 2026 Accreditation Council for Graduate,2023-2024,observed,none,16,14,A
124,Zucker School of Medicine at Hofstra/Northwell Program 124 programs found. © 2026 Accreditation Council for Graduate,2024-2025,observed,none,16,14,A
125,"Wayne State University / Detroit Medical Center Program (CLOSED, not on 2026 ACGME list)",2011-2012,reconstructed,low,7,14,B
125,"Wayne State University / Detroit Medical Center Program (CLOSED, not on 2026 ACGME list)",2012-2013,observed,low,7,14,B
125,"Wayne State University / Detroit Medical Center Program (CLOSED, not on 2026 ACGME list)",2013-2014,reconstructed,significant,6,14,C
125,"Wayne State University / Detroit Medical Center Program (CLOSED, not on 2026 ACGME list)",2014-2015,observed,none,11,14,B
125,"Wayne State University / Detroit Medical Center Program (CLOSED, not on 2026 ACGME list)",2015-2016,observed,none,11,14,B
125,"Wayne State University / Detroit Medical Center Program (CLOSED, not on 2026 ACGME list)",2016-2017,observed,none,14,14,A
125,"Wayne State University / Detroit Medical Center Program (CLOSED, not on 2026 ACGME list)",2017-2018,observed,none,13,14,A
125,"Wayne State University / Detroit Medical Center Program (CLOSED, not on 2026 ACGME list)",2018-2019,observed,none,13,14,A
125,"Wayne State University / Detroit Medical Center Program (CLOSED, not on 2026 ACGME list)",2019-2020,reconstructed,low,13,14,B
125,"Wayne State University / Detroit Medical Center Program (CLOSED, not on 2026 ACGME list)",2020-2021,not_applicable,low,0,14,C
125,"Wayne State University / Detroit Medical Center Program (CLOSED, not on 2026 ACGME list)",2021-2022,,,0,14,C
125,"Wayne State University / Detroit Medical Center Program (CLOSED, not on 2026 ACGME list)",2022-2023,,,0,14,C
125,"Wayne State University / Detroit Medical Center Program (CLOSED, not on 2026 ACGME list)",2023-2024,,,0,14,C
125,"Wayne State University / Detroit Medical Center Program (CLOSED, not on 2026 ACGME list)",2024-2025,,,0,14,C
